row_id,source_key,citation,authors,year,locator_arxiv,locator_doi,journal_ref,local_source_path,local_source_sha256,class_id,coverage,role,conclusion_type_stated,regularity,genericity_stated,exact_theorem,theorem_locator,scope_match,basis,verification_status,assumptions,falsifier,ledger_row_id,notes
CC-0001,vandemoortel_review_2025,Maxime Van de Moortel. The Strong Cosmic Censorship Conjecture.,Maxime Van de Moortel,2025,2501.13180,,"Comptes Rendus, Mecanique, Volume 353 (2025), pp. 415-454. Recent advances in general relativity: an issue in memory of Yvonne Choquet-Bruhat",,,AF-WCC-VAC-GEN,partial,definition,review,n/a,review discusses genericity of the conjecture,"We review recent advances arising from modern techniques in the theory of partial differential equations as applied to Strong Cosmic Censorship, maintaining a focus on the context of gravitational collapse that gave birth to the conjecture.",abstract,exact,primary_abstract,verified_metadata,review article,A formulation in this matrix that the review's taxonomy contradicts; re-read the review's formulation section and cite the contradiction.,,Definition/taxonomy anchor for the SCC-side vocabulary. A review cannot make a class 'covered'.
CC-0002,vandemoortel_review_2025,Maxime Van de Moortel. The Strong Cosmic Censorship Conjecture.,Maxime Van de Moortel,2025,2501.13180,,"Comptes Rendus, Mecanique, Volume 353 (2025), pp. 415-454. Recent advances in general relativity: an issue in memory of Yvonne Choquet-Bruhat",,,AF-SCC-C2-VAC-GEN,partial,definition,review,C^2,review discusses several formulations of differing strength,"Attempts to provide a rigorous mathematical proof of Strong Cosmic Censorship has led to the formulation of several Strong Cosmic Censorship conjectures of varying strengths, which seem to be discussed rarely outside of the mathematical relativity literature.",abstract (same wording appears in arXiv:2501.12968; the review itself is the primary taxonomy source),exact,primary_abstract,verified_metadata,review article,Show the review does not distinguish the C^2 formulation from the C^0 formulation; then this definition row is mis-bound.,,"Taxonomy anchor: keep C^2 and C^0 formulations separate, per hard decision 1."
CC-0003,vandemoortel_review_2025,Maxime Van de Moortel. The Strong Cosmic Censorship Conjecture.,Maxime Van de Moortel,2025,2501.13180,,"Comptes Rendus, Mecanique, Volume 353 (2025), pp. 415-454. Recent advances in general relativity: an issue in memory of Yvonne Choquet-Bruhat",,,AF-SCC-C0-VAC-GEN,partial,definition,review,C^0,review discusses several formulations of differing strength,"We review recent advances arising from modern techniques in the theory of partial differential equations as applied to Strong Cosmic Censorship, maintaining a focus on the context of gravitational collapse that gave birth to the conjecture.",abstract,exact,primary_abstract,verified_metadata,review article,Show the review treats the C^0 formulation as identical to the C^2 formulation; then this row is mis-bound.,,Definition row only; no theorem.
CC-0004,vandemoortel_review_2025,Maxime Van de Moortel. The Strong Cosmic Censorship Conjecture.,Maxime Van de Moortel,2025,2501.13180,,"Comptes Rendus, Mecanique, Volume 353 (2025), pp. 415-454. Recent advances in general relativity: an issue in memory of Yvonne Choquet-Bruhat",,,AF-WCC-SCALAR-SPH,partial,definition,review,n/a,review,"Penrose's proposal has since opened far-reaching new mathematical avenues, revealing connections to fundamental questions about black holes and the nature of gravitational singularities.",abstract,broader,primary_abstract,verified_metadata,review article,Show the review does not cover the spherically symmetric scalar collapse model; then remove this definition row.,,Broader scope (whole field); useful only as background.
CC-0005,dafermos_luk_interior,"Mihalis Dafermos, Jonathan Luk. The interior of dynamical vacuum black holes I: The $C^0$-stability of the Kerr Cauchy horizon.",Mihalis Dafermos | Jonathan Luk,2017,1710.01722,10.4007/annals.2025.202.2.1,Ann. of Math. (2) 202(2): 309-630 (September 2025),,,AF-WCC-VAC-GEN,none,out_of_class,not_applicable,C^0,n/a,,n/a,mismatch,primary_abstract,verified_metadata,,n/a,,Interior-of-black-hole result; makes no statement about completeness of future null infinity.
CC-0006,dafermos_luk_interior,"Mihalis Dafermos, Jonathan Luk. The interior of dynamical vacuum black holes I: The $C^0$-stability of the Kerr Cauchy horizon.",Mihalis Dafermos | Jonathan Luk,2017,1710.01722,10.4007/annals.2025.202.2.1,Ann. of Math. (2) 202(2): 309-630 (September 2025),,,AF-SCC-C2-VAC-GEN,partial,supporting,conditional_theorem,C^0,generically singular in an essential way,"The proof suggests, however, that the $C^0$-metric Cauchy horizons thus arising are generically singular in an essential way, representing so-called ""weak null singularities"", and thus that a revised version of strong cosmic censorship holds.",abstract,narrower,primary_abstract,verified_metadata,"Einstein vacuum equations | interior Cauchy data | suggestion, not a proof, of the C^2 statement",A dynamical vacuum example with an open set of interior data whose Cauchy horizon admits a C^2 extension (curvature bounded); this would kill the weak-null-singularity picture.,,"Supports the C^2 version indirectly: weak null singularity means the metric is continuous but curvature blows up, so a C^2 extension is expected to fail. The paper does not state a C^2-inextendibility theorem."
CC-0007,dafermos_luk_interior,"Mihalis Dafermos, Jonathan Luk. The interior of dynamical vacuum black holes I: The $C^0$-stability of the Kerr Cauchy horizon.",Mihalis Dafermos | Jonathan Luk,2017,1710.01722,10.4007/annals.2025.202.2.1,Ann. of Math. (2) 202(2): 309-630 (September 2025),,,AF-SCC-C0-VAC-GEN,partial,falsifier,conditional_theorem,C^0,for all such data (Cauchy data inside the black-hole interior with expected horizon geometry),"We prove that for all such data, the maximal Cauchy evolution can be extended across a non-trivial piece of Cauchy horizon as a Lorentzian manifold with continuous metric. [...] In particular, if the exterior region of the Kerr family is proven to be dynamically stable---as is widely expected---then it will follow that the $C^0$-inextendibility formulation of Penrose's celebrated strong cosmic censorship conjecture is in fact false.",abstract; published Ann. of Math. (2) 202(2): 309-630 (September 2025),narrower,primary_abstract,verified_metadata,Einstein vacuum equations | Cauchy data prescribed on a hypersurface already inside the black-hole interior | conclusion conditional on nonlinear stability of the Kerr exterior for the asymptotically flat generic statement,"A nonlinear vacuum evolution proving the Kerr exterior unstable in the relevant regime, or an error in the interior extension; or a generic vacuum Cauchy horizon that is C^0-inextendible for an open set of full asymptotically flat initial data.",,"Strongest known constraint on this class: it makes the literal generic C^0-inextendibility statement expected FALSE. It is recorded as partial because the hypotheses are interior data plus a conditional exterior-stability input, not full AF vacuum data."
CC-0008,dafermos_luk_interior,"Mihalis Dafermos, Jonathan Luk. The interior of dynamical vacuum black holes I: The $C^0$-stability of the Kerr Cauchy horizon.",Mihalis Dafermos | Jonathan Luk,2017,1710.01722,10.4007/annals.2025.202.2.1,Ann. of Math. (2) 202(2): 309-630 (September 2025),,,AF-WCC-SCALAR-SPH,none,out_of_class,not_applicable,C^0,n/a,,n/a,mismatch,primary_abstract,verified_metadata,,n/a,,Vacuum only; no scalar field.
CC-0009,dafermos_luk_c0_kerr,"Mihalis Dafermos, Jonathan Luk. The interior of dynamical vacuum black holes I: The $C^0$-stability of the Kerr Cauchy horizon.",Mihalis Dafermos | Jonathan Luk,2017,1710.01722,10.4007/annals.2025.202.2.1,Ann. of Math. (2) 202(2): 309-630 (September 2025),,,AF-WCC-VAC-GEN,none,out_of_class,not_applicable,n/a,,,n/a,mismatch,primary_abstract,verified_metadata,,,,empty cell: verified source has no conclusion of this class's type; registry class_hint=AF-SCC-C0-VAC-GEN.
CC-0010,dafermos_luk_c0_kerr,"Mihalis Dafermos, Jonathan Luk. The interior of dynamical vacuum black holes I: The $C^0$-stability of the Kerr Cauchy horizon.",Mihalis Dafermos | Jonathan Luk,2017,1710.01722,10.4007/annals.2025.202.2.1,Ann. of Math. (2) 202(2): 309-630 (September 2025),,,AF-SCC-C2-VAC-GEN,none,out_of_class,not_applicable,C^2,,,n/a,mismatch,primary_abstract,verified_metadata,,,,empty cell: verified source has no conclusion of this class's type; registry class_hint=AF-SCC-C0-VAC-GEN.
CC-0011,dafermos_luk_c0_kerr,"Mihalis Dafermos, Jonathan Luk. The interior of dynamical vacuum black holes I: The $C^0$-stability of the Kerr Cauchy horizon.",Mihalis Dafermos | Jonathan Luk,2017,1710.01722,10.4007/annals.2025.202.2.1,Ann. of Math. (2) 202(2): 309-630 (September 2025),,,AF-SCC-C0-VAC-GEN,none,out_of_class,not_applicable,C^0,,,n/a,mismatch,primary_abstract,verified_metadata,,,,empty cell: verified source has no conclusion of this class's type; registry class_hint=AF-SCC-C0-VAC-GEN.
CC-0012,dafermos_luk_c0_kerr,"Mihalis Dafermos, Jonathan Luk. The interior of dynamical vacuum black holes I: The $C^0$-stability of the Kerr Cauchy horizon.",Mihalis Dafermos | Jonathan Luk,2017,1710.01722,10.4007/annals.2025.202.2.1,Ann. of Math. (2) 202(2): 309-630 (September 2025),,,AF-WCC-SCALAR-SPH,none,out_of_class,not_applicable,n/a,,,n/a,mismatch,primary_abstract,verified_metadata,,,,empty cell: verified source has no conclusion of this class's type; registry class_hint=AF-SCC-C0-VAC-GEN.
CC-0013,sbierski_c0_schwarzschild,Jan Sbierski. The $C^0$-inextendibility of the Schwarzschild spacetime and the spacelike diameter in Lorentzian Geometry.,Jan Sbierski,2015,1507.00601,,,,,AF-WCC-VAC-GEN,none,out_of_class,not_applicable,C^0,n/a,,n/a,mismatch,primary_abstract,verified_metadata,,n/a,,No WCC conclusion.
CC-0014,sbierski_c0_schwarzschild,Jan Sbierski. The $C^0$-inextendibility of the Schwarzschild spacetime and the spacelike diameter in Lorentzian Geometry.,Jan Sbierski,2015,1507.00601,,,,,AF-SCC-C2-VAC-GEN,partial,supporting,theorem,C^0,none_stated (single exact solution),"The maximal analytic Schwarzschild spacetime is manifestly inextendible as a Lorentzian manifold with a twice continuously differentiable metric. In this paper, we prove the stronger statement that it is even inextendible as a Lorentzian manifold with a continuous metric.",abstract,narrower,primary_abstract,verified_metadata,exact Schwarzschild solution,"A C^2 extension of the maximal analytic Schwarzschild spacetime (which would also refute the C^0 statement, since C^0-inextendibility implies C^2-inextendibility for the same manifold).",,"One-way implication: C^0-inextendibility implies C^2-inextendibility; the converse is false in general, so this row may not be used to infer the C^0 statement for other spacetimes."
CC-0015,sbierski_c0_schwarzschild,Jan Sbierski. The $C^0$-inextendibility of the Schwarzschild spacetime and the spacelike diameter in Lorentzian Geometry.,Jan Sbierski,2015,1507.00601,,,,,AF-SCC-C0-VAC-GEN,partial,boundary_case,theorem,C^0,"none_stated (single exact solution, the maximal analytic Schwarzschild spacetime)","The maximal analytic Schwarzschild spacetime is manifestly inextendible as a Lorentzian manifold with a twice continuously differentiable metric. In this paper, we prove the stronger statement that it is even inextendible as a Lorentzian manifold with a continuous metric.",abstract,narrower,primary_abstract,verified_metadata,exact Schwarzschild solution (not a generic data statement),An explicit continuous isometric embedding of the maximal analytic Schwarzschild spacetime into a larger continuous Lorentzian manifold.,,"The cleanest C^0-inextendibility theorem, but it is a statement about one exact solution; it cannot carry the generic class by itself."
CC-0016,sbierski_c0_schwarzschild,Jan Sbierski. The $C^0$-inextendibility of the Schwarzschild spacetime and the spacelike diameter in Lorentzian Geometry.,Jan Sbierski,2015,1507.00601,,,,,AF-WCC-SCALAR-SPH,none,out_of_class,not_applicable,C^0,n/a,,n/a,mismatch,primary_abstract,verified_metadata,,n/a,,Vacuum only.
CC-0017,cardoso_rnds_subtle,"Vitor Cardoso, Joao L. Costa, Kyriakos Destounis, Peter Hintz et al.. Strong cosmic censorship in charged black-hole spacetimes: still subtle.",Vitor Cardoso | Joao L. Costa | Kyriakos Destounis | Peter Hintz | Aron Jansen,2018,1808.03631,10.1103/PhysRevD.98.104007,"Phys. Rev. D 98, 104007 (2018)",,,AF-WCC-VAC-GEN,none,boundary_case,not_applicable,n/a,,,n/a,mismatch,primary_abstract,verified_metadata,,,,boundary/out-of-class: charged black holes with positive cosmological constant: neither vacuum nor asymptotically flat
CC-0018,cardoso_rnds_subtle,"Vitor Cardoso, Joao L. Costa, Kyriakos Destounis, Peter Hintz et al.. Strong cosmic censorship in charged black-hole spacetimes: still subtle.",Vitor Cardoso | Joao L. Costa | Kyriakos Destounis | Peter Hintz | Aron Jansen,2018,1808.03631,10.1103/PhysRevD.98.104007,"Phys. Rev. D 98, 104007 (2018)",,,AF-SCC-C2-VAC-GEN,none,boundary_case,not_applicable,C^2,,,n/a,mismatch,primary_abstract,verified_metadata,,,,boundary/out-of-class: charged black holes with positive cosmological constant: neither vacuum nor asymptotically flat
CC-0019,cardoso_rnds_subtle,"Vitor Cardoso, Joao L. Costa, Kyriakos Destounis, Peter Hintz et al.. Strong cosmic censorship in charged black-hole spacetimes: still subtle.",Vitor Cardoso | Joao L. Costa | Kyriakos Destounis | Peter Hintz | Aron Jansen,2018,1808.03631,10.1103/PhysRevD.98.104007,"Phys. Rev. D 98, 104007 (2018)",,,AF-SCC-C0-VAC-GEN,none,boundary_case,not_applicable,C^0,,,n/a,mismatch,primary_abstract,verified_metadata,,,,boundary/out-of-class: charged black holes with positive cosmological constant: neither vacuum nor asymptotically flat
CC-0020,cardoso_rnds_subtle,"Vitor Cardoso, Joao L. Costa, Kyriakos Destounis, Peter Hintz et al.. Strong cosmic censorship in charged black-hole spacetimes: still subtle.",Vitor Cardoso | Joao L. Costa | Kyriakos Destounis | Peter Hintz | Aron Jansen,2018,1808.03631,10.1103/PhysRevD.98.104007,"Phys. Rev. D 98, 104007 (2018)",,,AF-WCC-SCALAR-SPH,none,boundary_case,not_applicable,n/a,,,n/a,mismatch,primary_abstract,verified_metadata,,,,boundary/out-of-class: charged black holes with positive cosmological constant: neither vacuum nor asymptotically flat
CC-0021,luk_oh_rn_instability,"Jonathan Luk, Sung-Jin Oh. Proof of linear instability of the Reissner-Nordström Cauchy horizon under scalar perturbations.",Jonathan Luk | Sung-Jin Oh,2015,1501.04598,10.1215/00127094-3715189,"Duke Math. J. 166, no. 3 (2017), 437-493",,,AF-WCC-VAC-GEN,none,boundary_case,not_applicable,n/a,,,n/a,mismatch,primary_abstract,verified_metadata,,,,"boundary/out-of-class: fixed subextremal Reissner-Nordstrom background (electrovacuum), linear scalar waves"
CC-0022,luk_oh_rn_instability,"Jonathan Luk, Sung-Jin Oh. Proof of linear instability of the Reissner-Nordström Cauchy horizon under scalar perturbations.",Jonathan Luk | Sung-Jin Oh,2015,1501.04598,10.1215/00127094-3715189,"Duke Math. J. 166, no. 3 (2017), 437-493",,,AF-SCC-C2-VAC-GEN,none,boundary_case,not_applicable,C^2,,,n/a,mismatch,primary_abstract,verified_metadata,,,,"boundary/out-of-class: fixed subextremal Reissner-Nordstrom background (electrovacuum), linear scalar waves"
CC-0023,luk_oh_rn_instability,"Jonathan Luk, Sung-Jin Oh. Proof of linear instability of the Reissner-Nordström Cauchy horizon under scalar perturbations.",Jonathan Luk | Sung-Jin Oh,2015,1501.04598,10.1215/00127094-3715189,"Duke Math. J. 166, no. 3 (2017), 437-493",,,AF-SCC-C0-VAC-GEN,none,boundary_case,not_applicable,C^0,,,n/a,mismatch,primary_abstract,verified_metadata,,,,"boundary/out-of-class: fixed subextremal Reissner-Nordstrom background (electrovacuum), linear scalar waves"
CC-0024,luk_oh_rn_instability,"Jonathan Luk, Sung-Jin Oh. Proof of linear instability of the Reissner-Nordström Cauchy horizon under scalar perturbations.",Jonathan Luk | Sung-Jin Oh,2015,1501.04598,10.1215/00127094-3715189,"Duke Math. J. 166, no. 3 (2017), 437-493",,,AF-WCC-SCALAR-SPH,none,boundary_case,not_applicable,n/a,,,n/a,mismatch,primary_abstract,verified_metadata,,,,"boundary/out-of-class: fixed subextremal Reissner-Nordstrom background (electrovacuum), linear scalar waves"
CC-0025,van_de_moortel_c2,Maxime Van de Moortel. Mass inflation and the $C^2$-inextendibility of spherically symmetric charged scalar field dynamical black holes.,Maxime Van de Moortel,2020,2001.11156,10.1007/s00220-020-03923-w,,,,AF-WCC-VAC-GEN,none,out_of_class,not_applicable,C^2,n/a,,n/a,mismatch,primary_abstract,verified_metadata,,n/a,,Matter model.
CC-0026,van_de_moortel_c2,Maxime Van de Moortel. Mass inflation and the $C^2$-inextendibility of spherically symmetric charged scalar field dynamical black holes.,Maxime Van de Moortel,2020,2001.11156,10.1007/s00220-020-03923-w,,,,AF-SCC-C2-VAC-GEN,partial,supporting,theorem,C^2,assuming (sufficiently slow) decay of the charged scalar field on the event horizon,"As a result, we prove in spherical symmetry that: - two-ended asymptotically flat space-times are $C^2$-future-inextendible i.e. $C^2$ Strong Cosmic Censorship is true for Einstein-Maxwell-Klein-Gordon, assuming the decay of the scalar field on the event horizon at the expected rate.",abstract,broader,primary_abstract,verified_metadata,"Einstein-Maxwell-Klein-Gordon (charged scalar matter), not vacuum | spherical symmetry | two-ended asymptotically flat | Price-law decay assumed",An initial data set in this model where the decay hypothesis holds but a C^2 extension across the Cauchy horizon exists; or an error in the mass-inflation/rigidity dichotomy.,,"The strongest positive C^2-SCC theorem in the registry, but the class it covers is strictly broader than vacuum (matter present), so it cannot be promoted to AF-SCC-C2-VAC-GEN. Recorded as an analogue, not as coverage."
CC-0027,van_de_moortel_c2,Maxime Van de Moortel. Mass inflation and the $C^2$-inextendibility of spherically symmetric charged scalar field dynamical black holes.,Maxime Van de Moortel,2020,2001.11156,10.1007/s00220-020-03923-w,,,,AF-SCC-C0-VAC-GEN,none,out_of_class,not_applicable,C^2,n/a,,n/a,mismatch,primary_abstract,verified_metadata,,n/a,,C^2 conclusion only; do not read it as a C^0 statement.
CC-0028,van_de_moortel_c2,Maxime Van de Moortel. Mass inflation and the $C^2$-inextendibility of spherically symmetric charged scalar field dynamical black holes.,Maxime Van de Moortel,2020,2001.11156,10.1007/s00220-020-03923-w,,,,AF-WCC-SCALAR-SPH,none,out_of_class,not_applicable,C^2,n/a,,n/a,mismatch,primary_abstract,verified_metadata,,n/a,,"Charged Klein-Gordon, not the massless neutral scalar of the class."
CC-0029,li_yu_cauchy_data,"Junbin Li, Pin Yu. Construction of Cauchy Data of Vacuum Einstein field equations Evolving to Black Holes.",Junbin Li | Pin Yu,2012,1207.3164,,,,,AF-WCC-VAC-GEN,partial,supporting,theorem,C^2,constructed family (not stated as open dense),"We show the existence of complete, asymptotically flat Cauchy initial data for the vacuum Einstein field equations, free of trapped surfaces, whose future development must admit a trapped surface.",abstract,narrower,primary_abstract,verified_metadata,"Einstein vacuum equations | data exactly Minkowski inside and Kerr outside (glued) | conclusion is trapped-surface formation, not I+ completeness","A re-examination showing the glued data are not complete/asymptotically flat as claimed, or that the trapped surface does not form in the maximal development.",,AGAINST reading it as WCC: collapsing to a black hole is necessary but not sufficient for weak cosmic censorship.
CC-0030,li_yu_cauchy_data,"Junbin Li, Pin Yu. Construction of Cauchy Data of Vacuum Einstein field equations Evolving to Black Holes.",Junbin Li | Pin Yu,2012,1207.3164,,,,,AF-SCC-C2-VAC-GEN,none,out_of_class,not_applicable,C^2,n/a,,n/a,mismatch,primary_abstract,verified_metadata,,n/a,,No interior conclusion.
CC-0031,li_yu_cauchy_data,"Junbin Li, Pin Yu. Construction of Cauchy Data of Vacuum Einstein field equations Evolving to Black Holes.",Junbin Li | Pin Yu,2012,1207.3164,,,,,AF-SCC-C0-VAC-GEN,none,out_of_class,not_applicable,C^0,n/a,,n/a,mismatch,primary_abstract,verified_metadata,,n/a,,No interior conclusion.
CC-0032,li_yu_cauchy_data,"Junbin Li, Pin Yu. Construction of Cauchy Data of Vacuum Einstein field equations Evolving to Black Holes.",Junbin Li | Pin Yu,2012,1207.3164,,,,,AF-WCC-SCALAR-SPH,none,out_of_class,not_applicable,C^2,n/a,,n/a,mismatch,primary_abstract,verified_metadata,,n/a,,Vacuum only.
CC-0033,an_luk_trapped,"Xinliang An, Jonathan Luk. Trapped surfaces in vacuum arising dynamically from mild incoming radiation.",Xinliang An | Jonathan Luk,2014,1409.6270,,,,,AF-WCC-VAC-GEN,partial,supporting,theorem,C^2,class of initial data large merely in a scaling-critical norm,"First, we extend the region of existence in Christodoulou's theorem on the formation of trapped surfaces and consequently show that the lower bound required to form a trapped surface can be relaxed. Second, we demonstrate that trapped surfaces form dynamically from a class of initial data which are large merely in a scaling-critical norm.",abstract,narrower,primary_abstract,verified_metadata,"Einstein vacuum equations | mild incoming radiation | conclusion is trapped-surface formation, not I+ completeness","A corrected propagation estimate showing the relaxed bound fails, or data in the stated critical class that develop no trapped surface.",,"Same caveat as the other collapse rows: trapped-surface formation is a step towards WCC, not WCC."
CC-0034,an_luk_trapped,"Xinliang An, Jonathan Luk. Trapped surfaces in vacuum arising dynamically from mild incoming radiation.",Xinliang An | Jonathan Luk,2014,1409.6270,,,,,AF-SCC-C2-VAC-GEN,none,out_of_class,not_applicable,C^2,n/a,,n/a,mismatch,primary_abstract,verified_metadata,,n/a,,No interior conclusion.
CC-0035,an_luk_trapped,"Xinliang An, Jonathan Luk. Trapped surfaces in vacuum arising dynamically from mild incoming radiation.",Xinliang An | Jonathan Luk,2014,1409.6270,,,,,AF-SCC-C0-VAC-GEN,none,out_of_class,not_applicable,C^0,n/a,,n/a,mismatch,primary_abstract,verified_metadata,,n/a,,No interior conclusion.
CC-0036,an_luk_trapped,"Xinliang An, Jonathan Luk. Trapped surfaces in vacuum arising dynamically from mild incoming radiation.",Xinliang An | Jonathan Luk,2014,1409.6270,,,,,AF-WCC-SCALAR-SPH,none,out_of_class,not_applicable,C^2,n/a,,n/a,mismatch,primary_abstract,verified_metadata,,n/a,,Vacuum only.
CC-0037,rsr_naked_singularities,Yakov Shlapentokh-Rothman. Naked Singularities for the Einstein Vacuum Equations: The Interior Solution.,Yakov Shlapentokh-Rothman,2022,2204.09891,,,,,AF-WCC-VAC-GEN,partial,falsifier,counterexample,C^2,self-similar construction; no genericity claimed (measure-zero / non-generic),"In a previous work [I. Rodnianski and Y. Shlapentokh-Rothman, Naked Singularities for the Einstein Vacuum Equations: The Exterior Solution, arXiv:1912.08478] we constructed solutions to the Einstein vacuum equations in 3+1 dimensions which corresponded to the exterior region of a naked singularity. In this work we construct solutions which correspond to the interior region and show that the two solutions may be glued together to produce a naked singularity.","abstract (companion exterior result: arXiv:1912.08478, not separately fetched in this run)",narrower,primary_abstract,verified_metadata,Einstein vacuum equations | self-similar (non-generic) data | companion exterior paper not independently fetched here,"A defect in the gluing, or a demonstration that the constructed data are not asymptotically flat / not regular; either would remove the naked-singularity conclusion.",,"The genericity clause is doing essential work: this counterexample does not refute the generic WCC statement, it shows a non-generic naked singularity exists in vacuum. It also flags that the exterior companion (1912.08478) must be fetched before this row is promoted."
CC-0038,rsr_naked_singularities,Yakov Shlapentokh-Rothman. Naked Singularities for the Einstein Vacuum Equations: The Interior Solution.,Yakov Shlapentokh-Rothman,2022,2204.09891,,,,,AF-SCC-C2-VAC-GEN,none,out_of_class,not_applicable,C^2,n/a,,n/a,mismatch,primary_abstract,verified_metadata,,n/a,,No interior extension conclusion.
CC-0039,rsr_naked_singularities,Yakov Shlapentokh-Rothman. Naked Singularities for the Einstein Vacuum Equations: The Interior Solution.,Yakov Shlapentokh-Rothman,2022,2204.09891,,,,,AF-SCC-C0-VAC-GEN,none,out_of_class,not_applicable,C^0,n/a,,n/a,mismatch,primary_abstract,verified_metadata,,n/a,,No interior extension conclusion.
CC-0040,rsr_naked_singularities,Yakov Shlapentokh-Rothman. Naked Singularities for the Einstein Vacuum Equations: The Interior Solution.,Yakov Shlapentokh-Rothman,2022,2204.09891,,,,,AF-WCC-SCALAR-SPH,none,out_of_class,not_applicable,C^2,n/a,,n/a,mismatch,primary_abstract,verified_metadata,,n/a,,Vacuum only.
CC-0041,kehle_unger_extremal,"Christoph Kehle, Ryan Unger. Gravitational collapse to extremal black holes and the third law of black hole thermodynamics.",Christoph Kehle | Ryan Unger,2022,2211.15742,,,,,AF-WCC-VAC-GEN,none,boundary_case,not_applicable,n/a,,,n/a,mismatch,primary_abstract,verified_metadata,,,,"boundary/out-of-class: Einstein-Maxwell-charged scalar, extremal end state, spherical symmetry"
CC-0042,kehle_unger_extremal,"Christoph Kehle, Ryan Unger. Gravitational collapse to extremal black holes and the third law of black hole thermodynamics.",Christoph Kehle | Ryan Unger,2022,2211.15742,,,,,AF-SCC-C2-VAC-GEN,none,boundary_case,not_applicable,C^2,,,n/a,mismatch,primary_abstract,verified_metadata,,,,"boundary/out-of-class: Einstein-Maxwell-charged scalar, extremal end state, spherical symmetry"
CC-0043,kehle_unger_extremal,"Christoph Kehle, Ryan Unger. Gravitational collapse to extremal black holes and the third law of black hole thermodynamics.",Christoph Kehle | Ryan Unger,2022,2211.15742,,,,,AF-SCC-C0-VAC-GEN,none,boundary_case,not_applicable,C^0,,,n/a,mismatch,primary_abstract,verified_metadata,,,,"boundary/out-of-class: Einstein-Maxwell-charged scalar, extremal end state, spherical symmetry"
CC-0044,kehle_unger_extremal,"Christoph Kehle, Ryan Unger. Gravitational collapse to extremal black holes and the third law of black hole thermodynamics.",Christoph Kehle | Ryan Unger,2022,2211.15742,,,,,AF-WCC-SCALAR-SPH,none,boundary_case,not_applicable,n/a,,,n/a,mismatch,primary_abstract,verified_metadata,,,,"boundary/out-of-class: Einstein-Maxwell-charged scalar, extremal end state, spherical symmetry"
CC-0045,dafermos_price_law,"Mihalis Dafermos, Igor Rodnianski. A proof of Price's law for the collapse of a self-gravitating scalar field.",Mihalis Dafermos | Igor Rodnianski,2003,gr-qc/0309115,10.1007/s00222-005-0450-3,Invent.Math. 162 (2005) 381-457,,,AF-WCC-VAC-GEN,none,out_of_class,not_applicable,C^2,n/a,,n/a,mismatch,primary_abstract,verified_metadata,,n/a,,Scalar/Maxwell matter; not vacuum.
CC-0046,dafermos_price_law,"Mihalis Dafermos, Igor Rodnianski. A proof of Price's law for the collapse of a self-gravitating scalar field.",Mihalis Dafermos | Igor Rodnianski,2003,gr-qc/0309115,10.1007/s00222-005-0450-3,Invent.Math. 162 (2005) 381-457,,,AF-SCC-C2-VAC-GEN,none,out_of_class,not_applicable,C^2,n/a,,n/a,mismatch,primary_abstract,verified_metadata,,n/a,,Matter model.
CC-0047,dafermos_price_law,"Mihalis Dafermos, Igor Rodnianski. A proof of Price's law for the collapse of a self-gravitating scalar field.",Mihalis Dafermos | Igor Rodnianski,2003,gr-qc/0309115,10.1007/s00222-005-0450-3,Invent.Math. 162 (2005) 381-457,,,AF-SCC-C0-VAC-GEN,none,out_of_class,not_applicable,C^0,n/a,,n/a,mismatch,primary_abstract,verified_metadata,,n/a,,"Its C^0 falsification is for a matter model, never for vacuum."
CC-0048,dafermos_price_law,"Mihalis Dafermos, Igor Rodnianski. A proof of Price's law for the collapse of a self-gravitating scalar field.",Mihalis Dafermos | Igor Rodnianski,2003,gr-qc/0309115,10.1007/s00222-005-0450-3,Invent.Math. 162 (2005) 381-457,,,AF-WCC-SCALAR-SPH,partial,supporting,theorem,C^2,spherically symmetric initial data (not an open-dense statement),"In this paper, we prove a well-defined (upper bound) formulation of Price's law for the collapse of a self-gravitating scalar field with spherically symmetric initial data. We also allow the presence of an additional gravitationally coupled Maxwell field.",abstract,narrower,primary_abstract,verified_metadata,Einstein-scalar (optionally Maxwell) system | spherical symmetry | upper-bound form of Price's law | does not prove completeness of future null infinity,"A spherical collapse solution whose radiation flux decays strictly slower than the proven upper bound, or a gap in the conformal/red-shift energy argument.",,"The abstract also states that, combined with Dafermos gr-qc/0307013, the C^0 formulation of SCC is false for that matter system -- a matter-model falsifier, not a vacuum one."
CC-0049,rossetti_charged_kg,Flavio Rossetti. Strong cosmic censorship for the spherically symmetric Einstein-Maxwell-charged-Klein-Gordon system with positive $Λ$: stability of the Cauchy horizon and $H^1$ extensions.,Flavio Rossetti,2023,2309.14420,10.1007/s00023-024-01454-x,"Ann. Henri Poincaré 26, 675-753 (2025)",,,AF-WCC-VAC-GEN,none,boundary_case,not_applicable,n/a,,,n/a,mismatch,primary_abstract,verified_metadata,,,,"boundary/out-of-class: Einstein-Maxwell-charged-Klein-Gordon with positive Lambda, spherical symmetry"
CC-0050,rossetti_charged_kg,Flavio Rossetti. Strong cosmic censorship for the spherically symmetric Einstein-Maxwell-charged-Klein-Gordon system with positive $Λ$: stability of the Cauchy horizon and $H^1$ extensions.,Flavio Rossetti,2023,2309.14420,10.1007/s00023-024-01454-x,"Ann. Henri Poincaré 26, 675-753 (2025)",,,AF-SCC-C2-VAC-GEN,none,boundary_case,not_applicable,C^2,,,n/a,mismatch,primary_abstract,verified_metadata,,,,"boundary/out-of-class: Einstein-Maxwell-charged-Klein-Gordon with positive Lambda, spherical symmetry"
CC-0051,rossetti_charged_kg,Flavio Rossetti. Strong cosmic censorship for the spherically symmetric Einstein-Maxwell-charged-Klein-Gordon system with positive $Λ$: stability of the Cauchy horizon and $H^1$ extensions.,Flavio Rossetti,2023,2309.14420,10.1007/s00023-024-01454-x,"Ann. Henri Poincaré 26, 675-753 (2025)",,,AF-SCC-C0-VAC-GEN,none,boundary_case,not_applicable,C^0,,,n/a,mismatch,primary_abstract,verified_metadata,,,,"boundary/out-of-class: Einstein-Maxwell-charged-Klein-Gordon with positive Lambda, spherical symmetry"
CC-0052,rossetti_charged_kg,Flavio Rossetti. Strong cosmic censorship for the spherically symmetric Einstein-Maxwell-charged-Klein-Gordon system with positive $Λ$: stability of the Cauchy horizon and $H^1$ extensions.,Flavio Rossetti,2023,2309.14420,10.1007/s00023-024-01454-x,"Ann. Henri Poincaré 26, 675-753 (2025)",,,AF-WCC-SCALAR-SPH,none,boundary_case,not_applicable,n/a,,,n/a,mismatch,primary_abstract,verified_metadata,,,,"boundary/out-of-class: Einstein-Maxwell-charged-Klein-Gordon with positive Lambda, spherical symmetry"
CC-0053,hintz_vasy_kerr,Peter Hintz. Boundedness and decay of scalar waves at the Cauchy horizon of the Kerr spacetime.,Peter Hintz,2015,1512.08003,10.4171/cmh/425,"Commentarii Mathematici Helvetici, 92(4):801-837, 2017",,,AF-WCC-VAC-GEN,none,out_of_class,not_applicable,C^2,n/a,,n/a,mismatch,primary_abstract,verified_metadata,,n/a,,Interior/CH result.
CC-0054,hintz_vasy_kerr,Peter Hintz. Boundedness and decay of scalar waves at the Cauchy horizon of the Kerr spacetime.,Peter Hintz,2015,1512.08003,10.4171/cmh/425,"Commentarii Mathematici Helvetici, 92(4):801-837, 2017",,,AF-SCC-C2-VAC-GEN,partial,supporting,stability_result,C^2,no genericity statement; linear result,"we obtain boundedness, regularity and decay of linear scalar waves on subextremal Reissner-Nordström and (slowly rotating) Kerr spacetimes, without any symmetry assumptions [...] We show polynomial decay of linear waves relative to a Sobolev space of order slightly above $1/2$. This complements the generic $H^1_{\mathrm{loc}}$ blow-up result of Luk and Oh.",abstract,narrower,primary_abstract,verified_metadata,linear scalar waves on a fixed subextremal Kerr background | no backreaction | does not state a C^2-inextendibility theorem,A nonlinear treatment showing the linear decay mechanism is destroyed by backreaction in the class; or a mode with slower decay on Kerr than the stated Sobolev-order bound.,,Linear input only. Useful for the C^2 column because C^2-inextendibility would fail if waves (and hence curvature) extended smoothly; decay alone does not prove it.
CC-0055,hintz_vasy_kerr,Peter Hintz. Boundedness and decay of scalar waves at the Cauchy horizon of the Kerr spacetime.,Peter Hintz,2015,1512.08003,10.4171/cmh/425,"Commentarii Mathematici Helvetici, 92(4):801-837, 2017",,,AF-SCC-C0-VAC-GEN,none,out_of_class,not_applicable,C^0,n/a,,n/a,mismatch,primary_abstract,verified_metadata,,n/a,,Linear boundedness/decay says nothing about C^0 inextendibility.
CC-0056,hintz_vasy_kerr,Peter Hintz. Boundedness and decay of scalar waves at the Cauchy horizon of the Kerr spacetime.,Peter Hintz,2015,1512.08003,10.4171/cmh/425,"Commentarii Mathematici Helvetici, 92(4):801-837, 2017",,,AF-WCC-SCALAR-SPH,none,out_of_class,not_applicable,C^2,n/a,,n/a,mismatch,primary_abstract,verified_metadata,,n/a,,"Fixed background, no spherical collapse."
CC-0057,discovery_scc_review,"Anna Chrysostomou, Alan S. Cornell, Aldo Deandrea, Seong Chan Park. A note on Strong Cosmic Censorship and its violation in Reissner-Nordström de Sitter black hole space-times.",Anna Chrysostomou | Alan S. Cornell | Aldo Deandrea | Seong Chan Park,2025,2501.12968,10.1088/1361-6382/add5b4,Class. Quantum Grav. 42 107001 (2025),,,AF-WCC-VAC-GEN,none,boundary_case,not_applicable,n/a,,,n/a,mismatch,primary_abstract,verified_metadata,,,,boundary/out-of-class: Reissner-Nordstrom-de Sitter: not asymptotically flat
CC-0058,discovery_scc_review,"Anna Chrysostomou, Alan S. Cornell, Aldo Deandrea, Seong Chan Park. A note on Strong Cosmic Censorship and its violation in Reissner-Nordström de Sitter black hole space-times.",Anna Chrysostomou | Alan S. Cornell | Aldo Deandrea | Seong Chan Park,2025,2501.12968,10.1088/1361-6382/add5b4,Class. Quantum Grav. 42 107001 (2025),,,AF-SCC-C2-VAC-GEN,none,boundary_case,not_applicable,C^2,,,n/a,mismatch,primary_abstract,verified_metadata,,,,boundary/out-of-class: Reissner-Nordstrom-de Sitter: not asymptotically flat
CC-0059,discovery_scc_review,"Anna Chrysostomou, Alan S. Cornell, Aldo Deandrea, Seong Chan Park. A note on Strong Cosmic Censorship and its violation in Reissner-Nordström de Sitter black hole space-times.",Anna Chrysostomou | Alan S. Cornell | Aldo Deandrea | Seong Chan Park,2025,2501.12968,10.1088/1361-6382/add5b4,Class. Quantum Grav. 42 107001 (2025),,,AF-SCC-C0-VAC-GEN,none,boundary_case,not_applicable,C^0,,,n/a,mismatch,primary_abstract,verified_metadata,,,,boundary/out-of-class: Reissner-Nordstrom-de Sitter: not asymptotically flat
CC-0060,discovery_scc_review,"Anna Chrysostomou, Alan S. Cornell, Aldo Deandrea, Seong Chan Park. A note on Strong Cosmic Censorship and its violation in Reissner-Nordström de Sitter black hole space-times.",Anna Chrysostomou | Alan S. Cornell | Aldo Deandrea | Seong Chan Park,2025,2501.12968,10.1088/1361-6382/add5b4,Class. Quantum Grav. 42 107001 (2025),,,AF-WCC-SCALAR-SPH,none,boundary_case,not_applicable,n/a,,,n/a,mismatch,primary_abstract,verified_metadata,,,,boundary/out-of-class: Reissner-Nordstrom-de Sitter: not asymptotically flat
CC-0061,sbierski_c0_schwarzschild_v2,Jan Sbierski. On the proof of the $C^0$-inextendibility of the Schwarzschild spacetime.,Jan Sbierski,2017,1711.11380,10.1088/1742-6596/968/1/012012,,,,AF-WCC-VAC-GEN,none,out_of_class,not_applicable,C^0,n/a,,n/a,mismatch,primary_abstract,verified_metadata,,n/a,,No WCC conclusion.
CC-0062,sbierski_c0_schwarzschild_v2,Jan Sbierski. On the proof of the $C^0$-inextendibility of the Schwarzschild spacetime.,Jan Sbierski,2017,1711.11380,10.1088/1742-6596/968/1/012012,,,,AF-SCC-C2-VAC-GEN,none,out_of_class,not_applicable,C^0,n/a,,n/a,mismatch,primary_abstract,verified_metadata,,n/a,,Result is stated at C^0 regularity only; C^2 row carried by the original paper.
CC-0063,sbierski_c0_schwarzschild_v2,Jan Sbierski. On the proof of the $C^0$-inextendibility of the Schwarzschild spacetime.,Jan Sbierski,2017,1711.11380,10.1088/1742-6596/968/1/012012,,,,AF-SCC-C0-VAC-GEN,partial,supporting,theorem,C^0,none_stated (single exact solution),This article presents a streamlined version of the author's original proof of the $C^0$-inextendibility of the maximal analytic Schwarzschild spacetime.,abstract,narrower,primary_abstract,verified_metadata,exact Schwarzschild solution | streamlined proof; same result as arXiv:1507.00601,A gap in the streamlined proof not present in the original; check the Galloway-Ling-Sbierski geodesic-exit lemma it invokes.,,Companion/streamlined proof. Does not extend the class.
CC-0064,sbierski_c0_schwarzschild_v2,Jan Sbierski. On the proof of the $C^0$-inextendibility of the Schwarzschild spacetime.,Jan Sbierski,2017,1711.11380,10.1088/1742-6596/968/1/012012,,,,AF-WCC-SCALAR-SPH,none,out_of_class,not_applicable,C^0,n/a,,n/a,mismatch,primary_abstract,verified_metadata,,n/a,,Vacuum only.
CC-0065,warped_c0_birmingham_kottler,Bobby EkaGunara. Warped Spacelike Singularities and the $C^0$-Inextendibility of Birmingham-Kottler Spacetimes.,Bobby EkaGunara,2026,2607.14741,,,,,AF-WCC-VAC-GEN,none,out_of_class,not_applicable,C^0,n/a,,n/a,mismatch,primary_abstract,verified_metadata,,n/a,,Static/inextendibility result.
CC-0066,warped_c0_birmingham_kottler,Bobby EkaGunara. Warped Spacelike Singularities and the $C^0$-Inextendibility of Birmingham-Kottler Spacetimes.,Bobby EkaGunara,2026,2607.14741,,,,,AF-SCC-C2-VAC-GEN,none,out_of_class,not_applicable,C^0,n/a,,n/a,mismatch,primary_abstract,verified_metadata,,n/a,,C^0 statement; C^2 implication is one-way and covered by the C^0 row's note.
CC-0067,warped_c0_birmingham_kottler,Bobby EkaGunara. Warped Spacelike Singularities and the $C^0$-Inextendibility of Birmingham-Kottler Spacetimes.,Bobby EkaGunara,2026,2607.14741,,,,,AF-SCC-C0-VAC-GEN,partial,boundary_case,theorem,C^0,whole one-horizon family with nonpositive cosmological constant and closed connected fiber satisfying a Ricci condition; no genericity over data,"The local obstruction and the geodesic classification imply $C^0$-inextendibility for the one-horizon Birmingham-Kottler family with nonpositive cosmological constant and every closed connected fiber satisfying $\text{Ric}_{\gamma_\Sigma}=(n-2)k\gamma_\Sigma$, without assumptions of homogeneity, orientability, or simple connectivity.",abstract,narrower,primary_abstract,verified_metadata,exact static Birmingham-Kottler family (includes Schwarzschild for Lambda=0) | not a statement about generic non-static vacuum data,"A continuous extension of one of the covered static spacetimes, or a gap in the radial compression / terminal causal trace argument.",,"Static-family C^0 result, broadens the exact-solution evidence beyond Schwarzschild. Still cannot carry the generic class."
CC-0068,warped_c0_birmingham_kottler,Bobby EkaGunara. Warped Spacelike Singularities and the $C^0$-Inextendibility of Birmingham-Kottler Spacetimes.,Bobby EkaGunara,2026,2607.14741,,,,,AF-WCC-SCALAR-SPH,none,out_of_class,not_applicable,C^0,n/a,,n/a,mismatch,primary_abstract,verified_metadata,,n/a,,No scalar field.
CC-0069,warped_c0_class,Karim Mosani. $C^0$-inextendibility of a class of warped-product black hole spacetimes.,Karim Mosani,2026,2606.25755,,,,,AF-WCC-VAC-GEN,none,out_of_class,not_applicable,C^0,n/a,,n/a,mismatch,primary_abstract,verified_metadata,,n/a,,Static/inextendibility result.
CC-0070,warped_c0_class,Karim Mosani. $C^0$-inextendibility of a class of warped-product black hole spacetimes.,Karim Mosani,2026,2606.25755,,,,,AF-SCC-C2-VAC-GEN,none,out_of_class,not_applicable,C^0,n/a,,n/a,mismatch,primary_abstract,verified_metadata,,n/a,,C^0 statement only.
CC-0071,warped_c0_class,Karim Mosani. $C^0$-inextendibility of a class of warped-product black hole spacetimes.,Karim Mosani,2026,2606.25755,,,,,AF-SCC-C0-VAC-GEN,partial,boundary_case,theorem,C^0,"class of warped-product spacetimes under stated assumptions (compact, connected, homogeneous, orientable fiber); no genericity over initial data","Under suitable assumptions, including that the fibre is closed (compact without boundary), connected, homogeneous, and orientable, we establish future $C^0$-inextendibility for spacetimes in this class. The result further extends to spacetimes possessing more than one regular black hole horizon.",abstract,narrower,primary_abstract,verified_metadata,warped-product black hole spacetimes with static exterior | may be nonvacuum | not a generic dynamical data statement,"A covered warped-product spacetime with a continuous extension, or a counterexample to the Kretschmann-divergence / closed-fiber hypotheses.",,"Shows the C^0-inextendibility technique generalises beyond Schwarzschild, but the covered family is static and may be nonvacuum; class binding stays narrower."
CC-0072,warped_c0_class,Karim Mosani. $C^0$-inextendibility of a class of warped-product black hole spacetimes.,Karim Mosani,2026,2606.25755,,,,,AF-WCC-SCALAR-SPH,none,out_of_class,not_applicable,C^0,n/a,,n/a,mismatch,primary_abstract,verified_metadata,,n/a,,No scalar field.
CC-0073,kasner_c0,Benedikt Miethke. $C^0$-inextendibility of the Kasner spacetime.,Benedikt Miethke,2024,2408.05257,10.25365/thesis.76304,,,,AF-WCC-VAC-GEN,none,boundary_case,not_applicable,n/a,,,n/a,mismatch,primary_abstract,verified_metadata,,,,boundary/out-of-class: Einstein vacuum but cosmological (not asymptotically flat)
CC-0074,kasner_c0,Benedikt Miethke. $C^0$-inextendibility of the Kasner spacetime.,Benedikt Miethke,2024,2408.05257,10.25365/thesis.76304,,,,AF-SCC-C2-VAC-GEN,none,boundary_case,not_applicable,C^2,,,n/a,mismatch,primary_abstract,verified_metadata,,,,boundary/out-of-class: Einstein vacuum but cosmological (not asymptotically flat)
CC-0075,kasner_c0,Benedikt Miethke. $C^0$-inextendibility of the Kasner spacetime.,Benedikt Miethke,2024,2408.05257,10.25365/thesis.76304,,,,AF-SCC-C0-VAC-GEN,none,boundary_case,not_applicable,C^0,,,n/a,mismatch,primary_abstract,verified_metadata,,,,boundary/out-of-class: Einstein vacuum but cosmological (not asymptotically flat)
CC-0076,kasner_c0,Benedikt Miethke. $C^0$-inextendibility of the Kasner spacetime.,Benedikt Miethke,2024,2408.05257,10.25365/thesis.76304,,,,AF-WCC-SCALAR-SPH,none,boundary_case,not_applicable,n/a,,,n/a,mismatch,primary_abstract,verified_metadata,,,,boundary/out-of-class: Einstein vacuum but cosmological (not asymptotically flat)
CC-0077,flrw_c0,Eric Ling. The $C^0$-inextendibility of some spatially flat FLRW spacetimes.,Eric Ling,2024,2404.08257,,,,,AF-WCC-VAC-GEN,none,boundary_case,not_applicable,n/a,,,n/a,mismatch,primary_abstract,verified_metadata,,,,"boundary/out-of-class: cosmological, non-vacuum"
CC-0078,flrw_c0,Eric Ling. The $C^0$-inextendibility of some spatially flat FLRW spacetimes.,Eric Ling,2024,2404.08257,,,,,AF-SCC-C2-VAC-GEN,none,boundary_case,not_applicable,C^2,,,n/a,mismatch,primary_abstract,verified_metadata,,,,"boundary/out-of-class: cosmological, non-vacuum"
CC-0079,flrw_c0,Eric Ling. The $C^0$-inextendibility of some spatially flat FLRW spacetimes.,Eric Ling,2024,2404.08257,,,,,AF-SCC-C0-VAC-GEN,none,boundary_case,not_applicable,C^0,,,n/a,mismatch,primary_abstract,verified_metadata,,,,"boundary/out-of-class: cosmological, non-vacuum"
CC-0080,flrw_c0,Eric Ling. The $C^0$-inextendibility of some spatially flat FLRW spacetimes.,Eric Ling,2024,2404.08257,,,,,AF-WCC-SCALAR-SPH,none,boundary_case,not_applicable,n/a,,,n/a,mismatch,primary_abstract,verified_metadata,,,,"boundary/out-of-class: cosmological, non-vacuum"
CC-0081,klainerman_rodnianski_trapped,"S. Klainerman, I. Rodnianski. On the formation of trapped surfaces.",S. Klainerman | I. Rodnianski,2009,0912.5097,,,,,AF-WCC-VAC-GEN,partial,supporting,theorem,C^2,open set of regular initial conditions,[Christodoulou] has identified an open set of regular initial conditions on an outgoing null hypersurface (both finite and at past null infinity) leading to a formation a trapped surface in the corresponding vacuum space-time to the future of the initial outgoing hypersurface and another incoming null hypersurface with the prescribed Minkowskian data. In this paper we give a simpler proof for a finite problem by enlarging the admissible set of initial conditions.,abstract (their simplification of Christodoulou's trapped-surface theorem),narrower,primary_abstract,verified_metadata,"Einstein vacuum equations | characteristic initial data on an outgoing null hypersurface | conclusion is trapped-surface formation, not completeness of future null infinity",A vacuum evolution from the same data class that forms no trapped surface while producing a singularity visible from infinity; or a counterexample to the propagation estimates used.,,"This is the nearest positive vacuum result to WCC in the matrix, and it still does not state WCC: trapped-surface formation is not I+ completeness."
CC-0082,klainerman_rodnianski_trapped,"S. Klainerman, I. Rodnianski. On the formation of trapped surfaces.",S. Klainerman | I. Rodnianski,2009,0912.5097,,,,,AF-SCC-C2-VAC-GEN,none,out_of_class,not_applicable,C^2,n/a,,n/a,mismatch,primary_abstract,verified_metadata,,n/a,,Exterior/collapse result; no interior extension statement.
CC-0083,klainerman_rodnianski_trapped,"S. Klainerman, I. Rodnianski. On the formation of trapped surfaces.",S. Klainerman | I. Rodnianski,2009,0912.5097,,,,,AF-SCC-C0-VAC-GEN,none,out_of_class,not_applicable,C^0,n/a,,n/a,mismatch,primary_abstract,verified_metadata,,n/a,,No inextendibility statement.
CC-0084,klainerman_rodnianski_trapped,"S. Klainerman, I. Rodnianski. On the formation of trapped surfaces.",S. Klainerman | I. Rodnianski,2009,0912.5097,,,,,AF-WCC-SCALAR-SPH,none,out_of_class,not_applicable,C^2,n/a,,n/a,mismatch,primary_abstract,verified_metadata,,n/a,,Vacuum only.
CC-0085,dafermos_charged_interior,Mihalis Dafermos. The interior of charged black holes and the problem of uniqueness in general relativity.,Mihalis Dafermos,2003,gr-qc/0307013,,"Comm. Pure Appl. Math. 58 (2005), 0445--0504",,,AF-WCC-VAC-GEN,none,boundary_case,not_applicable,C^0,n/a,,n/a,mismatch,primary_abstract,verified_metadata,,n/a,,"Class-leakage trap: Einstein-Maxwell-scalar, spherical. Its C^0 falsification must never be quoted as vacuum."
CC-0086,dafermos_charged_interior,Mihalis Dafermos. The interior of charged black holes and the problem of uniqueness in general relativity.,Mihalis Dafermos,2003,gr-qc/0307013,,"Comm. Pure Appl. Math. 58 (2005), 0445--0504",,,AF-SCC-C2-VAC-GEN,none,boundary_case,not_applicable,C^2,n/a,,n/a,mismatch,primary_abstract,verified_metadata,,n/a,,Matter model; spectrum of the mass-inflation mechanism only.
CC-0087,dafermos_charged_interior,Mihalis Dafermos. The interior of charged black holes and the problem of uniqueness in general relativity.,Mihalis Dafermos,2003,gr-qc/0307013,,"Comm. Pure Appl. Math. 58 (2005), 0445--0504",,,AF-SCC-C0-VAC-GEN,none,boundary_case,not_applicable,C^0,n/a,,n/a,mismatch,primary_abstract,verified_metadata,,n/a,,"Abstract states: the spacetime is extendible as a continuous metric but inextendible as a differentiable metric, so under Christodoulou's C^0 formulation SCC is false for this system. Recorded as a boundary case for the matter model; strictly out of the vacuum class."
CC-0088,dafermos_charged_interior,Mihalis Dafermos. The interior of charged black holes and the problem of uniqueness in general relativity.,Mihalis Dafermos,2003,gr-qc/0307013,,"Comm. Pure Appl. Math. 58 (2005), 0445--0504",,,AF-WCC-SCALAR-SPH,partial,supporting,theorem,C^0,Price-law decay assumed on the event horizon,"the maximal domain of development has a future boundary, over which the spacetime is extendible as a continuous metric, but along which the Hawking mass blows up identically; thus, the spacetime is inextendible as a differentiable metric.",abstract,broader,primary_abstract,verified_metadata,"Einstein-Maxwell-scalar, spherical symmetry, characteristic initial value problem | Price-law decay assumed | includes a Maxwell field, so broader than the massless-scalar class",A corrected interior analysis showing the Hawking mass stays bounded (no mass inflation) for the stated decay class.,,Interior structure in a scalar+matter model; supports the mass-inflation picture used by WCC/SCC arguments but is not itself a WCC theorem.
CC-0089,cgns_validity_v3,Mostafizur Rahman. On the validity of Strong Cosmic Censorship Conjecture in presence of Dirac fields.,Mostafizur Rahman,2019,1905.06675,10.1140/epjc/s10052-020-7962-2,"Eur. Phys. J. C 80, 360 (2020)",,,AF-WCC-VAC-GEN,none,boundary_case,not_applicable,n/a,,,n/a,mismatch,primary_abstract,verified_metadata,,,,"boundary/out-of-class: Kerr-de Sitter with Dirac fields: not asymptotically flat, not vacuum"
CC-0090,cgns_validity_v3,Mostafizur Rahman. On the validity of Strong Cosmic Censorship Conjecture in presence of Dirac fields.,Mostafizur Rahman,2019,1905.06675,10.1140/epjc/s10052-020-7962-2,"Eur. Phys. J. C 80, 360 (2020)",,,AF-SCC-C2-VAC-GEN,none,boundary_case,not_applicable,C^2,,,n/a,mismatch,primary_abstract,verified_metadata,,,,"boundary/out-of-class: Kerr-de Sitter with Dirac fields: not asymptotically flat, not vacuum"
CC-0091,cgns_validity_v3,Mostafizur Rahman. On the validity of Strong Cosmic Censorship Conjecture in presence of Dirac fields.,Mostafizur Rahman,2019,1905.06675,10.1140/epjc/s10052-020-7962-2,"Eur. Phys. J. C 80, 360 (2020)",,,AF-SCC-C0-VAC-GEN,none,boundary_case,not_applicable,C^0,,,n/a,mismatch,primary_abstract,verified_metadata,,,,"boundary/out-of-class: Kerr-de Sitter with Dirac fields: not asymptotically flat, not vacuum"
CC-0092,cgns_validity_v3,Mostafizur Rahman. On the validity of Strong Cosmic Censorship Conjecture in presence of Dirac fields.,Mostafizur Rahman,2019,1905.06675,10.1140/epjc/s10052-020-7962-2,"Eur. Phys. J. C 80, 360 (2020)",,,AF-WCC-SCALAR-SPH,none,boundary_case,not_applicable,n/a,,,n/a,mismatch,primary_abstract,verified_metadata,,,,"boundary/out-of-class: Kerr-de Sitter with Dirac fields: not asymptotically flat, not vacuum"
CC-0093,local_christodoulou_1999,"Christodoulou, D. The instability of naked singularities in the gravitational collapse of a scalar field. Ann. of Math. (2) 149 (1999), no. 1, 183-217.",Demetrios Christodoulou,1999,,,Annals of Mathematics 149 (1999) 183-217,artifacts/flash-02/sources/christodoulou1999.pdf | artifacts/flash-02/sources/christodoulou1999.txt,9ac456d0795916782a58fc474aa2c8e235395f9a869355733e62228ec345adfd | b391e2e430a717d733aec68a3bf251bc7d4a04e47a7a00ea7ef217805a3d5f3a,AF-WCC-VAC-GEN,none,out_of_class,not_applicable,n/a,,,n/a,mismatch,primary_local,verified_local,,,,empty cell: local primary source has no conclusion of this class's type.
CC-0094,local_christodoulou_1999,"Christodoulou, D. The instability of naked singularities in the gravitational collapse of a scalar field. Ann. of Math. (2) 149 (1999), no. 1, 183-217.",Demetrios Christodoulou,1999,,,Annals of Mathematics 149 (1999) 183-217,artifacts/flash-02/sources/christodoulou1999.pdf | artifacts/flash-02/sources/christodoulou1999.txt,9ac456d0795916782a58fc474aa2c8e235395f9a869355733e62228ec345adfd | b391e2e430a717d733aec68a3bf251bc7d4a04e47a7a00ea7ef217805a3d5f3a,AF-SCC-C2-VAC-GEN,none,out_of_class,not_applicable,C^2,,,n/a,mismatch,primary_local,verified_local,,,,empty cell: local primary source has no conclusion of this class's type.
CC-0095,local_christodoulou_1999,"Christodoulou, D. The instability of naked singularities in the gravitational collapse of a scalar field. Ann. of Math. (2) 149 (1999), no. 1, 183-217.",Demetrios Christodoulou,1999,,,Annals of Mathematics 149 (1999) 183-217,artifacts/flash-02/sources/christodoulou1999.pdf | artifacts/flash-02/sources/christodoulou1999.txt,9ac456d0795916782a58fc474aa2c8e235395f9a869355733e62228ec345adfd | b391e2e430a717d733aec68a3bf251bc7d4a04e47a7a00ea7ef217805a3d5f3a,AF-SCC-C0-VAC-GEN,none,out_of_class,not_applicable,C^0,,,n/a,mismatch,primary_local,verified_local,,,,empty cell: local primary source has no conclusion of this class's type.
CC-0096,local_christodoulou_1999,"Christodoulou, D. The instability of naked singularities in the gravitational collapse of a scalar field. Ann. of Math. (2) 149 (1999), no. 1, 183-217.",Demetrios Christodoulou,1999,,,Annals of Mathematics 149 (1999) 183-217,artifacts/flash-02/sources/christodoulou1999.pdf | artifacts/flash-02/sources/christodoulou1999.txt,9ac456d0795916782a58fc474aa2c8e235395f9a869355733e62228ec345adfd | b391e2e430a717d733aec68a3bf251bc7d4a04e47a7a00ea7ef217805a3d5f3a,AF-WCC-SCALAR-SPH,partial,supporting,theorem,C^0,positive codimension in the space of initial data BV cap L^1,"Theorem 4.1. Consider the exceptional set E in the space of initial data BV cap L1 on the real line. Then for each theta in E there is a 2-dimensional linear subspace Pi_theta such that (Pi_theta \ {theta}) cap E = empty. Moreover, if theta, theta' in E, then Pi_theta cap Pi_theta' = empty unless theta and theta' coincide. We may therefore say that E has positive codimension in the space of initial data.","Theorem 4.1, p. 217; introduction states the same conclusion in prose",narrower,primary_local,verified_local,"spherically symmetric self-gravitating massless scalar field | initial conditions of bounded variation on an outgoing null cone | conclusion concerns the exceptional (naked-singularity) set, not completeness of future null infinity",Exhibit a nonempty open set of bounded-variation initial data whose development has no trapped region and a singular boundary visible from infinity; or show Theorem 4.1's 2-dimensional subspace claim is not preserved under the stated data topology.,,Supports WCC in this class only in the weak sense that naked-singularity formation is unstable/codimension-positive. It does NOT prove that future null infinity is complete for generic data. This distinction is the point of the row.
CC-0097,costa_validity_scc,[LOCATOR UNRESOLVED] costa_validity_scc,,,,,,,,AF-WCC-VAC-GEN,unassessed,unresolved_locator,not_applicable,n/a,,,n/a,mismatch,unverified,unresolved,,Resolve the paper's DOI/arXiv id by Crossref or a title search and re-run the row; then check whether its C^2 statement is for vacuum or a matter model.,,"unassessed: locator could not be verified in this run. attempted=ti:""strong cosmic censorship"" AND au:Girao; au:Natario AND ti:""cosmic censorship""; why=the expected Costa-Girao-Natario-Silva validity paper was not returned by the author/title queries used; the au:Natario query returned a different legitimate paper (2004.02902) which was manually rekeyed/rejected"
CC-0098,costa_validity_scc,[LOCATOR UNRESOLVED] costa_validity_scc,,,,,,,,AF-SCC-C2-VAC-GEN,unassessed,unresolved_locator,not_applicable,C^2,,,n/a,mismatch,unverified,unresolved,,Resolve the paper's DOI/arXiv id by Crossref or a title search and re-run the row; then check whether its C^2 statement is for vacuum or a matter model.,,"unassessed: locator could not be verified in this run. attempted=ti:""strong cosmic censorship"" AND au:Girao; au:Natario AND ti:""cosmic censorship""; why=the expected Costa-Girao-Natario-Silva validity paper was not returned by the author/title queries used; the au:Natario query returned a different legitimate paper (2004.02902) which was manually rekeyed/rejected"
CC-0099,costa_validity_scc,[LOCATOR UNRESOLVED] costa_validity_scc,,,,,,,,AF-SCC-C0-VAC-GEN,unassessed,unresolved_locator,not_applicable,C^0,,,n/a,mismatch,unverified,unresolved,,Resolve the paper's DOI/arXiv id by Crossref or a title search and re-run the row; then check whether its C^2 statement is for vacuum or a matter model.,,"unassessed: locator could not be verified in this run. attempted=ti:""strong cosmic censorship"" AND au:Girao; au:Natario AND ti:""cosmic censorship""; why=the expected Costa-Girao-Natario-Silva validity paper was not returned by the author/title queries used; the au:Natario query returned a different legitimate paper (2004.02902) which was manually rekeyed/rejected"
CC-0100,costa_validity_scc,[LOCATOR UNRESOLVED] costa_validity_scc,,,,,,,,AF-WCC-SCALAR-SPH,unassessed,unresolved_locator,not_applicable,n/a,,,n/a,mismatch,unverified,unresolved,,Resolve the paper's DOI/arXiv id by Crossref or a title search and re-run the row; then check whether its C^2 statement is for vacuum or a matter model.,,"unassessed: locator could not be verified in this run. attempted=ti:""strong cosmic censorship"" AND au:Girao; au:Natario AND ti:""cosmic censorship""; why=the expected Costa-Girao-Natario-Silva validity paper was not returned by the author/title queries used; the au:Natario query returned a different legitimate paper (2004.02902) which was manually rekeyed/rejected"
CC-0101,choptuik_critical,[LOCATOR UNRESOLVED] choptuik_critical,,,,,,,,AF-WCC-VAC-GEN,unassessed,unresolved_locator,not_applicable,n/a,,,n/a,mismatch,unverified,unresolved,,"Fetch the PRL record via DOI (Phys. Rev. Lett. 70, 9 (1993)) and quote the critical-solution statement verbatim.",,"unassessed: locator could not be verified in this run. attempted=au:Choptuik AND ti:""Universality and scaling""; why=empty result; the 1993 PRL predates arXiv and is not indexed by this query"
CC-0102,choptuik_critical,[LOCATOR UNRESOLVED] choptuik_critical,,,,,,,,AF-SCC-C2-VAC-GEN,unassessed,unresolved_locator,not_applicable,C^2,,,n/a,mismatch,unverified,unresolved,,"Fetch the PRL record via DOI (Phys. Rev. Lett. 70, 9 (1993)) and quote the critical-solution statement verbatim.",,"unassessed: locator could not be verified in this run. attempted=au:Choptuik AND ti:""Universality and scaling""; why=empty result; the 1993 PRL predates arXiv and is not indexed by this query"
CC-0103,choptuik_critical,[LOCATOR UNRESOLVED] choptuik_critical,,,,,,,,AF-SCC-C0-VAC-GEN,unassessed,unresolved_locator,not_applicable,C^0,,,n/a,mismatch,unverified,unresolved,,"Fetch the PRL record via DOI (Phys. Rev. Lett. 70, 9 (1993)) and quote the critical-solution statement verbatim.",,"unassessed: locator could not be verified in this run. attempted=au:Choptuik AND ti:""Universality and scaling""; why=empty result; the 1993 PRL predates arXiv and is not indexed by this query"
CC-0104,choptuik_critical,[LOCATOR UNRESOLVED] choptuik_critical,,,,,,,,AF-WCC-SCALAR-SPH,unassessed,unresolved_locator,not_applicable,n/a,,,n/a,mismatch,unverified,unresolved,,"Fetch the PRL record via DOI (Phys. Rev. Lett. 70, 9 (1993)) and quote the critical-solution statement verbatim.",,"unassessed: locator could not be verified in this run. attempted=au:Choptuik AND ti:""Universality and scaling""; why=empty result; the 1993 PRL predates arXiv and is not indexed by this query"
CC-0105,gundlach_mass_inflation,[LOCATOR UNRESOLVED] gundlach_mass_inflation,,,,,,,,AF-WCC-VAC-GEN,unassessed,unresolved_locator,not_applicable,n/a,,,n/a,mismatch,unverified,unresolved,,Resolve the Gundlach-Martin-Garcia mass-inflation paper through Crossref/DOI and record the exact C^2-extendibility claim.,,"unassessed: locator could not be verified in this run. attempted=au:Gundlach AND ti:""mass inflation""; ti:""mass inflation""; au:""Martin-Garcia"" AND ti:""mass inflation""; why=no matching arXiv entry returned in this run"
CC-0106,gundlach_mass_inflation,[LOCATOR UNRESOLVED] gundlach_mass_inflation,,,,,,,,AF-SCC-C2-VAC-GEN,unassessed,unresolved_locator,not_applicable,C^2,,,n/a,mismatch,unverified,unresolved,,Resolve the Gundlach-Martin-Garcia mass-inflation paper through Crossref/DOI and record the exact C^2-extendibility claim.,,"unassessed: locator could not be verified in this run. attempted=au:Gundlach AND ti:""mass inflation""; ti:""mass inflation""; au:""Martin-Garcia"" AND ti:""mass inflation""; why=no matching arXiv entry returned in this run"
CC-0107,gundlach_mass_inflation,[LOCATOR UNRESOLVED] gundlach_mass_inflation,,,,,,,,AF-SCC-C0-VAC-GEN,unassessed,unresolved_locator,not_applicable,C^0,,,n/a,mismatch,unverified,unresolved,,Resolve the Gundlach-Martin-Garcia mass-inflation paper through Crossref/DOI and record the exact C^2-extendibility claim.,,"unassessed: locator could not be verified in this run. attempted=au:Gundlach AND ti:""mass inflation""; ti:""mass inflation""; au:""Martin-Garcia"" AND ti:""mass inflation""; why=no matching arXiv entry returned in this run"
CC-0108,gundlach_mass_inflation,[LOCATOR UNRESOLVED] gundlach_mass_inflation,,,,,,,,AF-WCC-SCALAR-SPH,unassessed,unresolved_locator,not_applicable,n/a,,,n/a,mismatch,unverified,unresolved,,Resolve the Gundlach-Martin-Garcia mass-inflation paper through Crossref/DOI and record the exact C^2-extendibility claim.,,"unassessed: locator could not be verified in this run. attempted=au:Gundlach AND ti:""mass inflation""; ti:""mass inflation""; au:""Martin-Garcia"" AND ti:""mass inflation""; why=no matching arXiv entry returned in this run"
CC-0109,dafermos_luk_ii,[LOCATOR UNRESOLVED] dafermos_luk_ii,,,,,,,,AF-WCC-VAC-GEN,unassessed,unresolved_locator,not_applicable,n/a,,,n/a,mismatch,unverified,unresolved,,Find the actual title/id of the non-degenerate-singularity companion and bind it to AF-SCC-C2-VAC-GEN.,,"unassessed: locator could not be verified in this run. attempted=ti:""dynamical vacuum black holes II""; why=empty: the second paper of the series is not indexed under that title"
CC-0110,dafermos_luk_ii,[LOCATOR UNRESOLVED] dafermos_luk_ii,,,,,,,,AF-SCC-C2-VAC-GEN,unassessed,unresolved_locator,not_applicable,C^2,,,n/a,mismatch,unverified,unresolved,,Find the actual title/id of the non-degenerate-singularity companion and bind it to AF-SCC-C2-VAC-GEN.,,"unassessed: locator could not be verified in this run. attempted=ti:""dynamical vacuum black holes II""; why=empty: the second paper of the series is not indexed under that title"
CC-0111,dafermos_luk_ii,[LOCATOR UNRESOLVED] dafermos_luk_ii,,,,,,,,AF-SCC-C0-VAC-GEN,unassessed,unresolved_locator,not_applicable,C^0,,,n/a,mismatch,unverified,unresolved,,Find the actual title/id of the non-degenerate-singularity companion and bind it to AF-SCC-C2-VAC-GEN.,,"unassessed: locator could not be verified in this run. attempted=ti:""dynamical vacuum black holes II""; why=empty: the second paper of the series is not indexed under that title"
CC-0112,dafermos_luk_ii,[LOCATOR UNRESOLVED] dafermos_luk_ii,,,,,,,,AF-WCC-SCALAR-SPH,unassessed,unresolved_locator,not_applicable,n/a,,,n/a,mismatch,unverified,unresolved,,Find the actual title/id of the non-degenerate-singularity companion and bind it to AF-SCC-C2-VAC-GEN.,,"unassessed: locator could not be verified in this run. attempted=ti:""dynamical vacuum black holes II""; why=empty: the second paper of the series is not indexed under that title"
CC-0113,christodoulou_trapped,[LOCATOR UNRESOLVED] christodoulou_trapped,,,,,,,,AF-WCC-VAC-GEN,unassessed,unresolved_locator,not_applicable,n/a,,,n/a,mismatch,unverified,unresolved,,Resolve the 2009 trapped-surface monograph and quote its open-set/genericity statement.,,"unassessed: locator could not be verified in this run. attempted=au:Christodoulou AND ti:""trapped surfaces""; why=empty; Christodoulou's 2009 monograph/Acta paper is not indexed under this title"
CC-0114,christodoulou_trapped,[LOCATOR UNRESOLVED] christodoulou_trapped,,,,,,,,AF-SCC-C2-VAC-GEN,unassessed,unresolved_locator,not_applicable,C^2,,,n/a,mismatch,unverified,unresolved,,Resolve the 2009 trapped-surface monograph and quote its open-set/genericity statement.,,"unassessed: locator could not be verified in this run. attempted=au:Christodoulou AND ti:""trapped surfaces""; why=empty; Christodoulou's 2009 monograph/Acta paper is not indexed under this title"
CC-0115,christodoulou_trapped,[LOCATOR UNRESOLVED] christodoulou_trapped,,,,,,,,AF-SCC-C0-VAC-GEN,unassessed,unresolved_locator,not_applicable,C^0,,,n/a,mismatch,unverified,unresolved,,Resolve the 2009 trapped-surface monograph and quote its open-set/genericity statement.,,"unassessed: locator could not be verified in this run. attempted=au:Christodoulou AND ti:""trapped surfaces""; why=empty; Christodoulou's 2009 monograph/Acta paper is not indexed under this title"
CC-0116,christodoulou_trapped,[LOCATOR UNRESOLVED] christodoulou_trapped,,,,,,,,AF-WCC-SCALAR-SPH,unassessed,unresolved_locator,not_applicable,n/a,,,n/a,mismatch,unverified,unresolved,,Resolve the 2009 trapped-surface monograph and quote its open-set/genericity statement.,,"unassessed: locator could not be verified in this run. attempted=au:Christodoulou AND ti:""trapped surfaces""; why=empty; Christodoulou's 2009 monograph/Acta paper is not indexed under this title"
CC-0117,penrose_1969_wcc,[LOCATOR UNRESOLVED] penrose_1969_wcc,,,,,,,,AF-WCC-VAC-GEN,unassessed,unresolved_locator,not_applicable,n/a,,,n/a,mismatch,unverified,unresolved,,Fetch the primary statement from a stable archive and record the exact formulation + page.,,unassessed: locator could not be verified in this run. attempted=not queried (no arXiv id expected); why=the original WCC statement (Riv. Nuovo Cimento 1 (1969) 252) is not on arXiv and was not fetched in this run
CC-0118,penrose_1969_wcc,[LOCATOR UNRESOLVED] penrose_1969_wcc,,,,,,,,AF-SCC-C2-VAC-GEN,unassessed,unresolved_locator,not_applicable,C^2,,,n/a,mismatch,unverified,unresolved,,Fetch the primary statement from a stable archive and record the exact formulation + page.,,unassessed: locator could not be verified in this run. attempted=not queried (no arXiv id expected); why=the original WCC statement (Riv. Nuovo Cimento 1 (1969) 252) is not on arXiv and was not fetched in this run
CC-0119,penrose_1969_wcc,[LOCATOR UNRESOLVED] penrose_1969_wcc,,,,,,,,AF-SCC-C0-VAC-GEN,unassessed,unresolved_locator,not_applicable,C^0,,,n/a,mismatch,unverified,unresolved,,Fetch the primary statement from a stable archive and record the exact formulation + page.,,unassessed: locator could not be verified in this run. attempted=not queried (no arXiv id expected); why=the original WCC statement (Riv. Nuovo Cimento 1 (1969) 252) is not on arXiv and was not fetched in this run
CC-0120,penrose_1969_wcc,[LOCATOR UNRESOLVED] penrose_1969_wcc,,,,,,,,AF-WCC-SCALAR-SPH,unassessed,unresolved_locator,not_applicable,n/a,,,n/a,mismatch,unverified,unresolved,,Fetch the primary statement from a stable archive and record the exact formulation + page.,,unassessed: locator could not be verified in this run. attempted=not queried (no arXiv id expected); why=the original WCC statement (Riv. Nuovo Cimento 1 (1969) 252) is not on arXiv and was not fetched in this run
