correction_id,canonical_file,canonical_file_sha256,canonical_row_id,old_class_mapping,new_class_mapping,matter_model,scope_use,registry_variant_pointer,relevant_class_nonbinding,root_cause_theorem_ids,source_tex_file,source_tex_sha256,quote_tex,quote_tex_sha256,spotcheck_id,spotcheck_quote_sha256,evidence_basis,class_binding_finding,verification_status,falsifier
CBC-09-008,ledger/citation_audit.csv,315c19145065a5f9c95d64461eae760b4c296b06d1f2f09bc5847ac1a7064ce9,SRC-014,AF-SCC-C2-VAC-GEN;AF-WCC-SCALAR-SPH,AF-WCC-SCALAR-SPH (WCC-side scalar tag retained with scope caveat); SCC-side frozen vacuum binding AF-SCC-C2-VAC-GEN removed; model-class: Einstein-massless-scalar spherical collapse; scope_use: do-not-transfer; no AF-SCC-*-VAC-GEN binding,Einstein-massless-scalar (spherical gravitational collapse of a scalar field),do-not-transfer,,AF-SCC-C2-VAC-GEN,D-007,artifacts/worker-009/detrev12/src/abs_math_9901147.html,917a7cbf590eb78aecdafadfe97abe4cdcdd55770217a36077438a5d8a14dac6,The instability of naked singularities in the gravitational collapse of a scalar field,6f9f1f2c7315f6057ceeff048f75535347705abf3ebb44c240e5fc851dbe81e3,SC-09-008,89653599b855799766a06cee76cf94220492ae13a49b57b23a2f783ae2fdab70,worker-009-detrev12-refetch-20260912T005042,"Christodoulou 1999 is the spherical gravitational collapse of a scalar field (Einstein-massless-scalar system), not 4D Einstein vacuum Lambda=0; the frozen SCC vacuum class id AF-SCC-C2-VAC-GEN carries a matter-model source. The AF-WCC-SCALAR-SPH tag is supported by T-101/T-523/T-525 and is retained.",unverified,"Any of the following voids this correction: (a) ledger/citation_audit.csv no longer hashes to 315c19145065a5f9c95d64461eae760b4c296b06d1f2f09bc5847ac1a7064ce9; (b) a re-fetch or the published Annals version shows the collapse model is the 4D Einstein vacuum equations with Lambda=0 and no scalar field, or that the arXiv title/abstract do not correspond to the cited work; (c) the lead's class_mapping derivation regenerates a frozen class id for this row."
CBC-09-009,ledger/citation_audit.csv,315c19145065a5f9c95d64461eae760b4c296b06d1f2f09bc5847ac1a7064ce9,SRC-029,AF-SCC-C0-VAC-GEN;AF-SCC-C2-VAC-GEN,"(evidence/tag only; model-class: Einstein-Maxwell-real-scalar with Lambda>0, spherical characteristic data; scope_use: do-not-transfer; no class-id binding)","Einstein-Maxwell-real massless scalar field, positive cosmological constant, spherical symmetry",do-not-transfer,,AF-SCC-C0-VAC-GEN;AF-SCC-C2-VAC-GEN,D-004,artifacts/worker-009/detrev12/src/x1707/Price_law_revised.tex,a1220288344974e92d0b23611904b7c068c2873fd4e353e8a9dc1780013f2061,"In this paper we study the spherically symmetric characteristic initial data problem for the Einstein-Maxwell-scalar
field system with a positive cosmological constant in the interior of a black hole, assuming an exponential Price law",26c9aa3216493ebc32c228d101baebc9943d7c567cff4abe78fb6879db1e094d,SC-09-009,582bd86b872507cfa60bf633fdc671f56e1f795572a50ee89bfa045deeb5ca1a,worker-009-detrev12-refetch-20260912T005042,"Costa-Girao-Natario-Drumond Silva (thmMain) solve the spherically symmetric Einstein-Maxwell-real-scalar characteristic initial value problem with Lambda>0; the paper's own no-C^2-extension conclusion is for that non-vacuum, non-zero-Lambda model. Binding it to frozen AF-SCC-C0-VAC-GEN / AF-SCC-C2-VAC-GEN is a data-class leak; T-503/T-519 both record does_not_imply denials of vacuum transfer.",unverified,"Any of the following voids this correction: (a) ledger/citation_audit.csv no longer hashes to 315c19145065a5f9c95d64461eae760b4c296b06d1f2f09bc5847ac1a7064ce9; (b) a re-fetch of arXiv:1707.08975 shows the matter content is 4D Einstein vacuum with Lambda=0 and no scalar/Maxwell field, or that thmMain is not the theorem quoted; (c) the lead's class_mapping derivation regenerates a frozen class id for this row."
CBC-09-010,ledger/citation_audit.csv,315c19145065a5f9c95d64461eae760b4c296b06d1f2f09bc5847ac1a7064ce9,SRC-033,AF-SCC-C2-VAC-GEN,"(evidence/tag only; model-class: linear wave equation on a fixed subextremal Reissner-Nordstrom-de Sitter / Kerr-Newman-de Sitter background, Lambda>0; scope_use: do-not-transfer; no class-id binding)",linear scalar wave on a fixed electrovacuum Reissner-Nordstrom-de Sitter / Kerr-Newman-de Sitter background,do-not-transfer,,AF-SCC-C2-VAC-GEN,D-007,artifacts/worker-009/detrev12/src/x1805/revision.tex,938f172376a2a2e10dfc3d8457d3d448a969c423851725d237302f60144d5161,"\begin{theorem}
\label{maintheoremINTRO}
Consider a subextremal Reissner--Nordstr\""om--de Sitter spacetime, or more generally,
Kerr--Newman--de Sitter spacetime $\widetilde{\mathcal{M}}$.",d30ab2259257aeef56aa329fe5ffbc9c24705e1987ac57f0b2f6c7847a660c50,SC-09-010,d01087e3e766682f76ff8cfcead690597915467220da91cc113c4f07bdba1629,worker-009-detrev12-refetch-20260912T005042,Dafermos-Shlapentokh-Rothman (maintheoremINTRO) prove an H^1_loc blow-up statement for the linear wave equation on a FIXED subextremal RN-dS/KN-dS background with Lambda>0; the paper is explicit that the electromagnetic field is background and irrelevant to the analysis. It is neither nonlinear Einstein vacuum Lambda=0 nor one-ended asymptotically flat data; T-508 records the same non-transfer.,unverified,"Any of the following voids this correction: (a) ledger/citation_audit.csv no longer hashes to 315c19145065a5f9c95d64461eae760b4c296b06d1f2f09bc5847ac1a7064ce9; (b) a re-fetch of arXiv:1805.08764 shows the result is for the nonlinear Einstein vacuum equations with Lambda=0 on asymptotically flat data, or that maintheoremINTRO is not the theorem the row relies on; (c) the lead's class_mapping derivation regenerates a frozen class id for this row."
CBC-09-011,ledger/citation_audit.csv,315c19145065a5f9c95d64461eae760b4c296b06d1f2f09bc5847ac1a7064ce9,SRC-048,AF-SCC-C0-VAC-GEN;AF-SCC-C2-VAC-GEN,"(evidence/tag only; model-class: Reissner-Nordstrom-Vaidya and Einstein-Maxwell-scalar spherical two-ended perturbations; extension class C^0 cap W^{1,s}_loc, s>1; scope_use: do-not-transfer; no class-id binding)",Reissner-Nordstrom-Vaidya (charged null dust) and Einstein-Maxwell-scalar spherical perturbations,do-not-transfer,,AF-SCC-C0-VAC-GEN;AF-SCC-C2-VAC-GEN,D-005,artifacts/worker-009/detrev12/src/x2609/main.tex,fbe4776ab2eed09d43186810e346a7a81dd34fb0454b1ba28dbcdb621323dbef,we prove the inextendibility of spherically symmetric weak null singularities as spherically symmetric Lorentzian manifolds with a continuous metric and Christoffel symbols in $L^{s}_{\loc}$ for $s >1$.,82341306ff3f97a6497f1d65de7f18a2493d7643454b03a3acadba3b2a8ad7bc,SC-09-011,372cc839fbed01a455bd9323e5f2f6f8c0ee08ea33a476707cb6871fa868aee4,worker-009-detrev12-refetch-20260912T005042,"Cameron-Sbierski prove C^0 cap W^{1,s}_loc-inextendibility (s>1) for RN-Vaidya and for spherical Einstein-Maxwell-scalar perturbations of subextremal RN. The source is non-vacuum, two-ended/spherical, and its extension class is not the frozen classical C2 vacuum extension predicate; T-304 records 'Does not prove C^2 SCC in vacuum'. Both frozen vacuum bindings are leaks.",unverified,"Any of the following voids this correction: (a) ledger/citation_audit.csv no longer hashes to 315c19145065a5f9c95d64461eae760b4c296b06d1f2f09bc5847ac1a7064ce9; (b) a re-fetch of arXiv:2609.05167 shows the result is for 4D Einstein vacuum Lambda=0 data, or that cor:RNV / cor:DLO are absent or state something else; (c) the lead's class_mapping derivation regenerates a frozen class id for this row."
CBC-09-012,ledger/citation_audit.csv,315c19145065a5f9c95d64461eae760b4c296b06d1f2f09bc5847ac1a7064ce9,SRC-061,AF-SCC-C0-VAC-GEN;AF-WCC-SCALAR-SPH,AF-WCC-SCALAR-SPH (scalar-side tag retained; T-516 registers this source for the neutral-scalar case with optional Maxwell field); SCC-side frozen vacuum binding AF-SCC-C0-VAC-GEN removed; model-class: Einstein-Maxwell-(real)-scalar spherical; scope_use: do-not-transfer; no AF-SCC-*-VAC-GEN binding,"Einstein-Maxwell-(real)-scalar, spherical symmetry (neutral scalar main case)",do-not-transfer,,AF-SCC-C0-VAC-GEN,D-002,artifacts/worker-009/detrev12/src/x0309115/pricelaw3.tex,e930b36f8282e5851f913598adf229cd9afaf189c9c43100ea1e12081c6e9c07,of Price's law for the collapse of a self-gravitating scalar field,3d828f4df6a07b3d457c96690f8a07d9292bc7564479c67f771f671c112ecf81,SC-09-012,a5849e0b143ea19e44f80af8e2965abdfacc66b0d128a7f7d27d669a641eff65,worker-009-detrev12-refetch-20260912T005042,"Dafermos-Rodnianski (int-the) state the main theorem for the Einstein-Maxwell-scalar field equations with a scalar field of compact support; matter is present in every case, so the row cannot carry the frozen vacuum class AF-SCC-C0-VAC-GEN. T-501 records 'Does not imply the same for vacuum'; T-516 registers AF-WCC-SCALAR-SPH for this source, which is why that tag is retained.",unverified,"Any of the following voids this correction: (a) ledger/citation_audit.csv no longer hashes to 315c19145065a5f9c95d64461eae760b4c296b06d1f2f09bc5847ac1a7064ce9; (b) a re-fetch of arXiv:gr-qc/0309115 shows the collapse model is 4D Einstein vacuum with Lambda=0, or that int-the is stated for the vacuum equations; (c) the lead's class_mapping derivation regenerates a frozen class id for this row."
