citation_id,bibkey,title,authors,year,venue,doi,arxiv_id,url,status,resolver_result,verification_method,evidence_type,fetched_at,http_status,exact_locator,evidence_url,elided_quote,mirror_of,evidence_excerpt,used_by_theorems,class_mapping,assessment,verdict,reviewer,locator_result,theorem_ref,theorem_exact,regularity_class,class_ids,c0_or_c2,what_it_does_not_prove,falsifier,raw_sha256,evidence_ref
W09-001,dafermos2003annals,Stability and instability of the Cauchy horizon for the spherically symmetric Einstein-Maxwell-scalar field equations,Mihalis Dafermos,2003,"Annals of Mathematics (2) 158(3), 875-928",10.4007/annals.2003.158.875,,https://api.openalex.org/works/doi:10.4007/annals.2003.158.875,verified-api,,openalex-api + inspirehep (lead row SRC-020/060/072),abstract-reconstruction,2026-09-11T23:33:30+08:00,200,,,,,"OpenAlex reconstructed abstract: 'For an open set of initial data whose closure contains in particular Reissner-Nordstrom data, the future boundary of the maximal domain of development is found to be a light-like surface along which the curvature blows up, and yet the metric can be continuously extended beyond it.'",T-501;T-521;D-002,,,verified-metadata-only,deepseek-flash-09,"OpenAlex HTTP 200: DOI 10.4007/annals.2003.158.875 -> Ann. of Math. 158(3):875-928 (2003), author/title match. INSPIRE recid 1767922 (lead). Annals PDF (annals.math.princeton.edu) UNREACHABLE from this sandbox: curl https/http both timed out after 40 s; no arXiv version located.",UNRESOLVED (no arXiv; publisher PDF unreachable),"Abstract-level statement only, quoted above; no numbered theorem statement was read.",C0 extendibility of the metric beyond a light-like future boundary along which curvature blows up. No C1/C2 statement in the abstract.,AF-SCC-OTHER-MODELS;AF-SCC-C0-VAC-GEN,C0 (extendibility). Source of the C0 formulation's spherically-symmetric EM-scalar counterexample; says nothing about C2.,"(i) no C2-inextendibility claim; (ii) not vacuum (Einstein-Maxwell-real-scalar, spherical symmetry); (iii) not a genericity statement in the AF vacuum class; (iv) no WCC claim.","A page check of the Annals PDF shows the extension is not C0, or imposes hypotheses (e.g. extremal data) that exclude the class mapping; or a numbered theorem states something stronger/weaker than the abstract.",bd50edfa71a39caf5b967f13eaaa25f6,artifacts/worker-09/sources/openalex_dafermos2003.json; artifacts/worker-09/sources/fetch_manifest.tsv
W09-002,dafermos2005cpam,The interior of charged black holes and the problem of uniqueness in general relativity,Mihalis Dafermos,2005,"Communications on Pure and Applied Mathematics 58(4), 445-504; arXiv:gr-qc/0307013",10.1002/cpa.20071,gr-qc/0307013,https://arxiv.org/abs/gr-qc/0307013,verified-primary,,arxiv-abs-page + ar5iv full text (lead row SRC-021/056),theorem-statement,2026-09-11T23:33:30+08:00,200,,,,,"Theorem 1.2: '...the Hawking mass, interpreted in the limit, blows up identically along CH+, in particular, extensions (M~,g~) depicted above cannot have C1 metric.' Corollary 1.3: 'Strong cosmic censorship, under the formulation of [13], is false for the Einstein-Maxwell-scalar field equations under spherical symmetry.'",T-501;T-514;T-516;T-521;D-002,,,verified-theorem-level,deepseek-flash-09,"arXiv abs HTTP 200, gr-qc/0307013 -> CPAM 58(4):445-504; DOI 10.1002/cpa.20071. ar5iv full text HTTP 200 (1,511,349 bytes); Theorem 1.2 and Corollary 1.3 read from the cached HTML.",Theorem 1.2; Corollary 1.3 (CPAM 58:445-504; arXiv gr-qc/0307013v3),Thm 1.2: Hawking mass blows up identically along CH+ and extensions cannot have C1 metric. Cor 1.3: SCC (Christodoulou's C0 formulation) is false for EM-scalar under spherical symmetry.,"C0-extendible; C1-inextendible. The paper proves curvature/mass blow-up; it does NOT prove C2-inextendibility, which is a strictly stronger statement proved later (Luk-Oh 2017/2019; Van de Moortel 2020).",AF-SCC-OTHER-MODELS;AF-SCC-C0-VAC-GEN,C0: extendible. C1: inextendible. C2: NOT addressed. Do not upgrade this citation to 'C2 SCC false'.,(i) not vacuum; (ii) C2-inextendibility is not established; (iii) genericity only within the characteristic initial-data class of the paper; (iv) no WCC claim.,"A page check shows Theorem 1.2's hypotheses fail for the class it is mapped to, or Corollary 1.3 is about a different formulation than the C0 one (it cites formulation [13] = Christodoulou).",968f8cec8b796472f76829c952ed38e7,artifacts/worker-09/sources/full_grqc0307013.html; artifacts/worker-09/extracted/theorems/grqc0307013.txt
W09-003,lukoh2017duke,Proof of linear instability of the Reissner-Nordstrom Cauchy horizon under scalar perturbations,Jonathan Luk; Sung-Jin Oh,2017,"Duke Mathematical Journal 166(3), 437-493; arXiv:1501.04598",10.1215/00127094-3715189,1501.04598,https://arxiv.org/abs/1501.04598,verified-primary,,arxiv-abs-page + arXiv HTML full text (lead row SRC-023/055),theorem-statement,2026-09-11T23:33:30+08:00,200,,,,,"Theorem 1.1 (Main theorem, first version): 'Generic smooth and compactly supported initial data to (1.1) on Sigma_0 give rise to solutions that are not in W^{1,2}_{loc} in a neighborhood of any point on the future Cauchy horizon CH+.' (1.1) is the linear wave equation Box_g phi = 0 on a fixed subextremal RN background.",T-504;T-506,,,verified-theorem-level,deepseek-flash-09,"arXiv abs HTTP 200, 1501.04598 -> Duke Math. J. 166(3):437-493 (2017), DOI 10.1215/00127094-3715189. arXiv HTML v1 HTTP 200 (1,053,550 bytes); Theorem 1.1 read from cache.","Theorem 1.1 (main theorem, first version); see also Theorem 1.3 (quantitative lower bound)","Generic smooth compactly supported data give solutions not in W^{1,2}_loc near any point of CH+ (linear scalar wave on fixed subextremal RN).","Linear level: rules out W^{1,2}_loc (hence H^1) extensions of the scalar field. This is NOT a nonlinear C2-inextendibility theorem for the coupled Einstein-Maxwell system.",AF-SCC-OTHER-MODELS,"Neither C0 nor C2 directly: it is an H^1/W^{1,2} obstruction at the linear level on a fixed background. The nonlinear C2 result is Luk-Oh Part I/II (ledger T-514), not this paper.","(i) the spacetime is fixed (not dynamical), so no SCC statement; (ii) no C2-inextendibility of a full nonlinear solution; (iii) genericity is for the linear data, not for AF vacuum initial data.","A page check shows (1.1) includes backreaction, or the theorem requires non-generic data; or the paper's own remark contradicts the H^1 reading.",55c1716492c730ea94db4e370335ccf5,artifacts/worker-09/sources/full_1501.04598.html; artifacts/worker-09/extracted/theorems/1501.04598.txt
W09-004,choptuik1993,Universality and scaling in gravitational collapse of a massless scalar field,Matthew W. Choptuik,1993,"Physical Review Letters 70(1), 9-12",10.1103/PhysRevLett.70.9,,https://api.openalex.org/works/doi:10.1103/PhysRevLett.70.9,verified-api,,openalex-api (lead row SRC-016 used inspirehep),abstract,2026-09-11T23:33:30+08:00,200,,,,,"OpenAlex abstract: 'I summarize results from a numerical study of spherically symmetric collapse of a massless scalar field. ... a critical parameter value, p*, separates solutions containing black holes from those which do not. ... (1) the strong-field evolution in the p->p* limit is universal ... and (2) the masses of black holes which form satisfy a power law M_BH ~ |p-p*|^gamma.'",T-103 (not SCC-tagged in ledger),,,verified-metadata+abstract; NOT-A-THEOREM-SOURCE,deepseek-flash-09,"OpenAlex HTTP 200: DOI 10.1103/PhysRevLett.70.9 -> Phys. Rev. Lett. 70(1):9-12 (1993), author/title match. No arXiv version (1993 PRL); full text not read.",n/a (numerical paper; no numbered theorems),n/a. Numerical evidence for universality and power-law scaling at the black-hole threshold.,n/a (numerical).,"AF-SCC-OTHER-MODELS (threshold/critical collapse, massless scalar, spherical)",Neither: critical-collapse phenomenology. It does not decide SCC in any regularity class.,"(i) no theorem about WCC or SCC; (ii) not vacuum; (iii) the threshold naked singularity is numerical, and the paper does not claim genericity in the AF vacuum class.","A citation uses this paper as a proof of naked-singularity formation or of SCC violation; the paper's own text is numerical evidence with a critical solution, not a theorem.",45d8a2f3c8d9c2cab8eefe283446676c,artifacts/worker-09/sources/openalex_choptuik1993.json
W09-005,eardley-gundlach-UNRESOLVED,ASSIGNED CITATION NOT FOUND: 'Eardley-Gundlach' (critical phenomena),(none jointly authored located),,,,,,unresolved,,crossref-bibliographic + crossref-author + inspirehep-author + openalex-title + web-search (5 independent resolver queries),negative-resolver-result,2026-09-11T23:33:30+08:00,200,,,,,"Crossref query.bibliographic='Eardley Gundlach critical phenomena', rows=20 -> 0/20 records with both Eardley and Gundlach as authors. Crossref query.author=Eardley + critical phenomena -> no joint work. INSPIRE q='a D.M.Eardley and a C.Gundlach' -> 0 hits. OpenAlex title search 'critical phenomena gravitational collapse' -> no Eardley co-authored record. Web search -> only Eardley-only and Gundlach-only works.",,,,citation_unsupported,deepseek-flash-09,"NO LOCATOR RESOLVES. The nearest real works are (a) Eardley-Hirschmann 1995, PRD 51:4198 'Universal scaling and echoing in the gravitational collapse of a complex scalar field' (DOI 10.1103/PhysRevD.51.4198) and (b) Gundlach-Martin-Garcia 2007 (W09-006).",n/a,n/a,n/a,n/a,n/a,"There is nothing to cite. The assignment's Eardley-Gundlach item should be replaced by the two real works above, or dropped.",A resolvable joint Eardley-Gundlach publication (DOI/arXiv/journal page) is produced; then this row is retracted and the work audited.,,artifacts/worker-09/sources/fetch_manifest.tsv; commands and row counts recorded in artifacts/worker-09/audit_report.md#findings
W09-006,gundlach-martingarcia2007,Critical Phenomena in Gravitational Collapse,Carsten Gundlach; Jose M. Martin-Garcia,2007,Living Reviews in Relativity 10:5 (2007); arXiv:0711.4620,10.12942/lrr-2007-5,0711.4620,https://arxiv.org/abs/0711.4620,verified-primary,,arxiv-abs-page + openalex-api,"abstract (review, no theorems)",2026-09-11T23:33:30+08:00,200,,,,,"'Critical phenomena give a natural route from smooth initial data to arbitrarily large curvatures visible from infinity, and are therefore likely to be relevant for cosmic censorship...' Review of 51 pages; 0 numbered theorem environments extracted from the arXiv HTML.",(not yet in ledger),,,verified-metadata+abstract; NOT-A-THEOREM-SOURCE (review),deepseek-flash-09,"arXiv abs HTTP 200, 0711.4620 -> LivingRev.Rel.10:5,2007, DOI 10.12942/lrr-2007-5. OpenAlex HTTP 200 same venue. Full-text segment extraction found 0 theorem environments.",n/a (review article; no numbered theorems),"n/a; the quoted sentence is an expectation, not a theorem.",n/a,AF-WCC-SCALAR-SPH (background); not one of the four frozen classes,Neither: it discusses the relevance of critical phenomena to cosmic censorship without proving a statement in any regularity class.,"No WCC/SCC theorem; the 'visible arbitrarily large curvature' sentence is motivation, and a citation must not convert it into a naked-singularity theorem.",A citation attributes a numbered theorem to this review; the review's own text points to the primary numerical/analytical works instead.,dd1ebbeb8ac5361af0d4679a1764df6a,artifacts/worker-09/sources/full_0711.4620.html; artifacts/worker-09/sources/abs_0711.4620.html; artifacts/worker-09/sources/openalex_gmg2007.json; artifacts/worker-09/extracted/theorems/0711.4620.txt
W09-007,cgns2017part3,On the global uniqueness for the Einstein-Maxwell-scalar field system with a cosmological constant. Part 3: Mass inflation and extendibility of the solutions,Joao L. Costa; Pedro M. Girao; Jose Natario; Jorge Drumond Silva,2017,Annals of PDE 3:8 (2017); arXiv:1406.7261,10.1007/s40818-017-0028-6,1406.7261,https://arxiv.org/abs/1406.7261,verified-primary,,arxiv-abs-page + arXiv HTML full text (lead row SRC-028),theorem-statement,2026-09-11T23:33:30+08:00,200,,,,,"Abstract: 'When the mass is controlled, it is possible to obtain continuous extensions of the metric across the Cauchy horizon with square integrable Christoffel symbols. Under slightly stronger conditions, we can bound the gradient of the scalar field. This allows the construction of (non-isometric) extensions of the maximal development which are classical solutions of the Einstein equations. Our results provide evidence against the validity of the strong cosmic censorship conjecture when Lambda>0.' In-text: 'Theorem 2.3 implies that the spacetime is extendible across the Cauchy horizon with a C^0 metric.'",T-502;T-519,,,verified-theorem-level,deepseek-flash-09,"arXiv abs HTTP 200, 1406.7261 -> Ann. PDE (2017) 3:8, DOI 10.1007/s40818-017-0028-6. arXiv HTML v4 HTTP 200 (1,440,780 bytes); Theorems 2.1, 2.3, 3.1, 3.2, 4.1 read from cache.","Thm 2.1 (Part 1 Thm 4.4, well-posedness); Thm 2.3 (Part 2 Thm 1.1, r-stability => C0 extendibility); Thm 3.1/3.2 (mass inflation / theta-lambda unbounded); Thm 4.1 (no mass inflation)","Thm 2.3: exists U>0 with inf r>0 and lim_{u->0} r(u,inf)=r_-; consequently the spacetime is extendible across the Cauchy horizon with a C0 metric. Thm 3.1: if zeta_0(u) >= c u^s with 0<s<rho/2-1 then varpi(u,inf)=inf for each u in (0,U].","C0 extension with square-integrable Christoffel symbols (i.e. W^{1,2} connection), below C1. Explicitly NOT a C2 extension. 'Classical solutions' refers to the extended Einstein equations under stronger decay, not to C2 regularity of the metric.",AF-SCC-OTHER-MODELS,C0: extendible (with L^2 Christoffel symbols). C2: not claimed; the construction is below C1. Misreading 'classical solutions' as C2 would invert the paper's point.,"(i) not vacuum (EM + scalar + Lambda, spherical symmetry); (ii) no C2 statement; (iii) evidence against SCC only for Lambda>0 with controlled mass; (iv) no WCC claim.","A page check shows the extension is C1 or smoother, or that the square-integrable-Christoffel statement is conditional on hypotheses not carried in the class mapping.",46cf3b442766db1c293a16c950a8b8b8,artifacts/worker-09/sources/full_1406.7261.html; artifacts/worker-09/extracted/theorems/1406.7261.txt
W09-008,vandemoortel2018cmp,Stability and instability of the sub-extremal Reissner-Nordstrom black hole interior for the Einstein-Maxwell-Klein-Gordon equations in spherical symmetry,Maxime Van de Moortel,2018,Communications in Mathematical Physics (2018); arXiv:1704.05790,10.1007/s00220-017-3079-3,1704.05790,https://arxiv.org/abs/1704.05790,verified-primary,,arxiv-abs-page + arXiv HTML full text,theorem-statement,2026-09-11T23:33:30+08:00,200,,,,,"Theorem 1.2 (Dafermos [14], Dafermos-Rodnianski [16]): 'For the Einstein-Maxwell-Scalar-Field equations ... in spherical symmetry, the C0 strong cosmic censorship is false.' Theorem 1.3 (Luk-Oh [26],[27]): '... the C2 strong cosmic censorship conjecture is true.' Theorem 1.4 (C0 stability, C1 instability, Dafermos). Theorem 1.5 (C2 instability, Luk-Oh).","D-003;T-505 (distinct from SRC-025 = Van de Moortel 2020, arXiv:2001.11156)",,,verified-theorem-level,deepseek-flash-09,"arXiv abs HTTP 200, 1704.05790v3 -> CMP, DOI 10.1007/s00220-017-3079-3. arXiv HTML v3 HTTP 200 (1,776,650 bytes); Theorems 1.2-1.5, 1.7 read from cache. NOTE: this is the 2018 CMP paper, not the 2020 C2-inextendibility paper (SRC-025).","Thm 1.2 (imports Dafermos/Dafermos-Rodnianski: C0 SCC false); Thm 1.3 (imports Luk-Oh: C2 SCC true); Thm 1.4 (C0 stability, C1 instability); Thm 1.5 (C2 instability); Thm 1.7 (main stability/instability result)",The paper's own new results: stability (CH exists near timelike infinity; metric admits a continuous extension under stronger decay) and instability (integrated lower bound on the scalar field; curvature blows up near CH; 'a step towards the resolution of the C2 strong cosmic censorship conjecture').,"Own results: C0 stability + curvature blow-up (C2-relevant instability). The paper explicitly separates C0 SCC (false, imported) from C2 SCC (true, imported) for EM-scalar spherical.",AF-SCC-OTHER-MODELS,"Both, explicitly separated in the paper: Thm 1.2 = C0 false; Thm 1.3 = C2 true. This is a model case (EMKG, spherical), so it does not transfer to AF-SCC-*-VAC-GEN without a scope argument.","(i) not vacuum; (ii) the C0-false/C2-true pair is imported for EM-scalar, not proved for vacuum; (iii) genericity is in the spherically symmetric class.","A page check shows Thm 1.2/1.3 misquote their cited sources, or the paper's own theorems require non-generic data outside the stated class.",1e3edda308dbd5a0525926da155c66c2,artifacts/worker-09/sources/full_1704.05790.html; artifacts/worker-09/extracted/theorems/1704.05790.txt
W09-009,sbierski2018c0,The C0-inextendibility of the Schwarzschild spacetime and the spacelike diameter in Lorentzian geometry,Jan Sbierski,2018,"Journal of Differential Geometry 108(2), 319-378; arXiv:1507.00601",10.4310/jdg/1518490820,1507.00601,https://arxiv.org/abs/1507.00601,verified-primary,,arxiv-abs-page + arXiv HTML full text (lead row SRC-005),theorem-statement,2026-09-11T23:33:30+08:00,200,,,,,"Theorem 4.9: 'The maximal analytic extension (M_max, g_max) of the Schwarzschild spacetime is C0-inextendible.' Theorem 4.10 and 4.11 give the two halves (exterior and interior). Introduction: 'The (d+1)-dimensional maximal analytic Schwarzschild spacetime is C0-inextendible for all d>=3.'",D-002;T-302,,,verified-theorem-level + SCOPE-CAVEAT,deepseek-flash-09,"arXiv abs HTTP 200, 1507.00601 -> JDG 108(2):319-378, DOI 10.4310/jdg/1518490820 (lead row SRC-005 uses the same correct DOI; my own initial candidate DOI 10.4310/jdg/1519959623 was WRONG and resolved to an unrelated X-ray-transform paper - see W09-CTRL-1). arXiv HTML v2 HTTP 200 (1,637,390 bytes); Thm 4.9/4.10/4.11 read from cache.","Theorem 4.9 (main); Theorem 4.10 (exterior), Theorem 4.11 (interior); introduction theorem for d>=3",Thm 4.9: the maximal analytic extension of Schwarzschild is C0-inextendible. Thm 4.11: no C0-extension of the interior region exists along which a timelike curve with r->0 can be continued.,C0-inextendibility of the *maximal analytic extension* (the object that already contains the Cauchy horizon); the obstruction is the r=0 curvature singularity. This is NOT a statement that the maximal development is C0-inextendible across a Cauchy horizon.,AF-SCC-C0-VAC-GEN (scope-caveated),"C0: inextendible (through the singularity of the completed analytic extension). It does not contradict Dafermos-Luk's C0 extendibility across a Cauchy horizon, because the objects differ.",(i) C0 SCC for generic AF vacuum data - exact Schwarzschild is non-generic; (ii) inextendibility across a Cauchy horizon (Dafermos-Luk prove the opposite for perturbed Kerr); (iii) any WCC statement.,"A page check shows M_max is not the object used, or the theorem covers extensions across CH+; or a citation uses it as generic-data C0 SCC evidence.",c8c62fe239651ae3733d133f9fd17dec,artifacts/worker-09/sources/full_1507.00601.html; artifacts/worker-09/extracted/theorems/1507.00601.txt
W09-010,dafermosluk2025annals,The interior of dynamical vacuum black holes I: The C0-stability of the Kerr Cauchy horizon,Mihalis Dafermos; Jonathan Luk,2025,"Annals of Mathematics (2) 202(2), 309-630 (2025); arXiv:1710.01722v1 (2017)",10.4007/annals.2025.202.2.1,1710.01722,https://arxiv.org/abs/1710.01722,verified-primary,,arxiv-abs-page + arXiv PDF full text (pypdf) (lead row SRC-004),theorem-statement,2026-09-11T23:33:30+08:00,200,,,,,"Theorem 4.24: '... the maximal globally hyperbolic future development ... can be endowed with a double null foliation ... so that it is isometric to a smooth spacetime (U_inf, g) ... [and] remains close to Kerr spacetime...' Theorem 16.14: '... the metric g ... extends continuously up to the Cauchy horizon CH+.' Abstract: '... the maximal Cauchy evolution can be extended across a non-trivial piece of Cauchy horizon as a Lorentzian manifold with continuous metric.'",D-002;T-301;T-305;T-401;T-402,,,verified-theorem-level + CONDITIONALITY-FLAG,deepseek-flash-09,"arXiv abs HTTP 200, 1710.01722 -> Ann. of Math. (2) 202(2):309-630 (2025), DOI 10.4007/annals.2025.202.2.1. ar5iv HTML unavailable (stub, 7,750 bytes); PDF (2,899,501 bytes) downloaded and text-extracted with pypdf; Thm 4.2, 4.24, 16.14 read from the PDF text.",Theorem 4.2 and Theorem 4.24 (main); Theorem 16.14 (continuous extendibility); Theorem 17.1 (weak-null-singularity compatibility),"Thm 4.24: under smallness condition D <= eps^2 on interior data close to Kerr, the maximal globally hyperbolic future development has a double null foliation and is isometric to (U_inf, g), close to Kerr. Thm 16.14: the metric extends continuously up to CH+.","C0 extendibility of the metric across a non-trivial piece of CH+ (vacuum). The paper's abstract states the C0-inextendibility formulation of SCC is false if the Kerr exterior is stable, and argues the CH should generically be a weak null singularity (revised SCC). No C2 extendibility is claimed or proved.",AF-SCC-C0-VAC-GEN,"C0: EXTENDIBLE (refutes C0 SCC, conditional on Kerr exterior stability). C2: NOT addressed; the paper's expectation is that C2 SCC (in a revised form) survives. Do not merge the two conclusions.","(i) it does not prove C2 SCC or its failure; (ii) the C0-SCC-false conclusion is conditional on Kerr exterior stability in the paper (see ledger T-515 for the stability status; discharging the condition is a separate step); (iii) the data are interior/Kerr-close, not a full AF Cauchy problem statement without the companion papers.","A page check shows the smallness/Kerr-close hypothesis fails for the class mapping, or that the continuous extension is only local in a way that does not cross a non-trivial piece of CH+; or that the conditionality on Kerr stability is not as stated.",e3d35d61cee99bc0dcd6f0574ccce094,artifacts/worker-09/sources/pdf_1710.01722.pdf; artifacts/worker-09/extracted/theorems/1710.01722.txt
W09-011,vandemoortel2020c2,Mass inflation and the C^2-inextendibility of spherically symmetric charged scalar field dynamical black holes,Maxime Van de Moortel,2020,"Communications in Mathematical Physics 382, 1263-1341 (2020); arXiv:2001.11156",10.1007/s00220-020-03923-w,2001.11156,https://arxiv.org/abs/2001.11156,verified-primary,,arxiv-abs-page + arXiv HTML full text (lead row SRC-025),theorem-statement,2026-09-11T23:33:30+08:00,200,,,,,"Theorem A: 'Given a two-ended solution ... we assume that both black hole exteriors settle down quantitatively towards a sub-extremal Reissner-Nordstrom metric. Then (M,g) is C^2-future-inextendible.' Theorem B: '... CH_{i+} is C^2 inextendible.' Abstract: '...we prove that CH_{i+} is globally C^2-inextendible.'",D-003;T-505,,,verified-theorem-level,deepseek-flash-09,"arXiv abs HTTP 200, 2001.11156 -> CMP 382:1263-1341, DOI 10.1007/s00220-020-03923-w. arXiv HTML HTTP 200 (2,321,023 bytes); Theorems A/B/C/D/E and formal Thms 3.2/3.3/3.4 read from cache.","Theorem A (two-ended), Theorem B (one-ended CH_{i+}), Theorems C/D/E; formal Theorem 3.2/3.3/3.4",Thm A: the maximal development of admissible two-ended data (exteriors settling to subextremal RN) is C^2-future-inextendible. Thm B: CH_{i+} is C^2-inextendible (one-ended). Classification: dynamical / static / mixed.,"C^2-future-inextendibility (EMKG, spherical symmetry, slow decay). This is the C2 rung of the ladder: Dafermos 2005 gives C0-extendible/C1-inextendible for the same system; this paper strengthens to C2.",AF-SCC-OTHER-MODELS,"C2: INEXTENDIBLE (model); C0: extendible in the same setting (Dafermos 2005, Van de Moortel 2018). The paper is the cleanest demonstration that the C0 and C2 formulations have opposite verdicts.","(i) not vacuum (Einstein-Maxwell-Klein-Gordon); (ii) spherical symmetry, no rotation; (iii) C2 conclusion is for charged matter with slow decay on the horizon; (iv) nothing about AF-SCC-C2-VAC-GEN.","A page check shows the C^2-inextendibility is conditional on hypotheses absent from the class mapping, or that the extension ruled out is only C^2 in a weaker sense than the ledger's D-003 definition.",58a63763a0d0d61bf2c057e4ec0640b0,artifacts/worker-09/sources/full2_2001.11156.html; artifacts/worker-09/extracted/theorems/2001.11156.txt
W09-012,lukoh2017partI,Strong cosmic censorship in spherical symmetry for two-ended asymptotically flat initial data I. The interior of the black hole region,Jonathan Luk; Sung-Jin Oh,2019,"arXiv:1702.05715 (v2, 2019)",10.48550/arXiv.1702.05715,1702.05715,https://arxiv.org/abs/1702.05715,verified-primary,,arxiv-abs-page + arXiv HTML full text (lead row SRC-057),theorem-statement,2026-09-11T23:33:30+08:00,200,,,,,"Theorem 1.5 (Main theorem, rough version): 'The C^2-formulation of the strong cosmic censorship conjecture for the Einstein-Maxwell-(real)-scalar field system in spherical symmetry with 2-ended asymptotically flat initial data on R x S^2 is true.' Theorem 1.4 (Dafermos/Dafermos-Rodnianski): 'The C^0-formulation ... is false.' Theorem 1.3 (Christodoulou): 'The C^0-formulation ... for the Einstein-(real)-scalar field system ... is true.'",T-514;D-007,,,verified-theorem-level,deepseek-flash-09,"arXiv abs HTTP 200, 1702.05715 (v2 2019, 70 pages). arXiv HTML HTTP 200 (2,760,189 bytes); Theorems 1.3/1.4/1.5/1.7/1.8/1.9 read from cache.","Theorem 1.3 (Christodoulou, imported); Theorem 1.4 (Dafermos / Dafermos-Rodnianski, imported); Theorem 1.5 (Main theorem, rough version)","T1.5: C2-formulation of SCC is TRUE for EM-(real)-scalar in spherical symmetry, 2-ended AF data. T1.4: C0-formulation is FALSE for the same system. T1.3: C0-formulation is TRUE for Einstein-(real)-scalar (neutral) in spherical symmetry.",C2 (true) vs C0 (false) for EM-scalar; C0 (true) for neutral scalar. The model's charge is what flips the C0 verdict - the cleanest available demonstration that 'C0' and 'C2' are independent axes.,AF-SCC-OTHER-MODELS,"Both, and they differ: C0 false (EM-scalar) vs C2 true (EM-scalar); C0 true for neutral scalar. A citation that carries 'C0 SCC' from this paper into the vacuum class is a scope error.",(i) not vacuum; (ii) spherical symmetry (no rotation); (iii) the C2 result is for the charged scalar model; (iv) it does not settle AF-SCC-C2-VAC-GEN.,"A page check shows Thm 1.5's hypotheses require non-generic data, or that Thm 1.3/1.4 are misattributed.",1eabbd6cf55f5c32c8e34fa592ca5c88,artifacts/worker-09/sources/full2_1702.05715.html; artifacts/worker-09/extracted/theorems/1702.05715.txt
W09-013,lukoh2017partII,Strong cosmic censorship in spherical symmetry for two-ended asymptotically flat initial data II. The exterior of the black hole region,Jonathan Luk; Sung-Jin Oh,2019,"arXiv:1702.05716 (v2, 2019)",10.48550/arXiv.1702.05716,1702.05716,https://arxiv.org/abs/1702.05716,verified-primary,,arxiv-abs-page + arXiv HTML full text (lead row SRC-058),theorem-statement,2026-09-11T23:33:30+08:00,200,,,,,"Theorem 1.1 (C^2 formulation of SCC, rough version): 'There exists a subset G of admissible smooth two-ended asymptotically flat spherically symmetric initial data with compactly supported scalar field such that the maximal globally hyperbolic future development of any element of G is C^2-future-inextendible. The set G satisfies the following genericity conditions: (1) The generic set G is open in a weighted C^1 topology, ...'",T-514;D-007,,,verified-theorem-level,deepseek-flash-09,"arXiv abs HTTP 200, 1702.05716 (v2 2019, 132 pages). arXiv HTML HTTP 200; Theorems 1.1 and 1.2 read from cache. Page extent per ledger: 132 pages.","Theorem 1.1 (C^2 formulation of SCC, rough version, with explicit genericity conditions); Theorem 1.2 (Main result in [Part I], rough version)",T1.1: existence of a generic set G of admissible 2-ended AF spherical data with compactly supported scalar field whose MGHD is C^2-future-inextendible; G is open in a weighted C1 topology (and further genericity properties).,"C^2-future-inextendibility with an explicit genericity topology (weighted C1). This is the source that makes the C2-SCC claim a *genericity* statement, which the class schema must bind (see ledger D-007).",AF-SCC-OTHER-MODELS,C2: true for a generic set (model). C0: not addressed here (Part I imports C0 false for EM-scalar).,"(i) not vacuum; (ii) spherical symmetry; (iii) genericity is in a weighted C1 topology on the model's data, not in the vacuum data class; (iv) no WCC claim.","A page check shows the genericity set is empty or not open in the stated topology, or that the theorem needs hypotheses beyond the ledger's D-007 mapping.",f3270fd7dc920cdb32de1e9325fedf82,artifacts/worker-09/sources/full2_1702.05716.html; artifacts/worker-09/extracted/theorems/1702.05716.txt
W09-014,sbier2020holonomy,"On holonomy singularities in general relativity and the C^{0,1}_loc-inextendibility of spacetimes",Jan Sbierski,2020,arXiv:2007.12049 (v2); accepted by Duke Mathematical Journal (per ledger SRC-024),,2007.12049,https://arxiv.org/abs/2007.12049,verified-primary,,arxiv-abs-page + arXiv HTML full text (lead row SRC-024),theorem-statement,2026-09-11T23:33:30+08:00,200,,,,,"Theorem 4.30: '... Assume the initial data is generic and small in the sense of [27]. Then the interior of the black hole is future C^{0,1}_loc-inextendible.' Theorem 4.31: '... Then the future development is future C^{0,1}_loc-inextendible.' Theorem 1.1 (warped-product criterion) and Theorem 4.1 (no C^{0,1}_loc-extension along a timelike geodesic) are the general tools.",D-003;D-005;T-304;T-506,,,verified-theorem-level,deepseek-flash-09,"arXiv abs HTTP 200, 2007.12049 (v2). arXiv HTML HTTP 200 (1,540,533 bytes); Theorems 1.1/1.2/4.1/4.30/4.31 read from cache.","Theorem 1.1 (criterion), Theorem 4.1, Theorem 4.30, Theorem 4.31","Thm 4.30/4.31: for sufficiently small generic spherically symmetric perturbations of two-ended subextremal RN data for EM-scalar, the black-hole interior (4.30) and the future development (4.31) are future C^{0,1}_loc-inextendible.","C^{0,1}_loc (Lipschitz) inextendibility - the intermediate rung between C0 (extendible, Dafermos-Luk) and C2 (inextendible for models, Luk-Oh / Van de Moortel). This is the citation that pins where on the regularity ladder extendibility stops.",AF-SCC-OTHER-MODELS,"Neither endpoint: C^{0,1}_loc. It neither proves nor refutes C0 SCC (C0 extensions exist for these models) and is weaker than C2; a citation must place it on the ladder, not at an endpoint.","(i) not vacuum; (ii) spherical symmetry; (iii) C^{0,1}_loc is strictly weaker than C2, so it does not imply the C2 results of Luk-Oh/Van de Moortel; (iv) no WCC claim.","A page check shows the perturbations are not generic/small in the stated sense, or that C^{0,1}_loc is used with a different meaning than locally Lipschitz metrics.",f8982e0f5809170ccbba598178ba6846,artifacts/worker-09/sources/full2_2007.12049.html; artifacts/worker-09/extracted/theorems/2007.12049.txt
W09-015,hintz2026kerrstab,Nonlinear stability of subextremal Kerr black holes,Peter Hintz,2026,"arXiv:2606.28253 (v2, 3 Aug 2026), 339 pp; preprint",,2606.28253,https://arxiv.org/abs/2606.28253,verified-api,,arxiv-abs-page (independent re-fetch by worker-09),abstract,2026-09-11T23:33:30+08:00,200,,,,,Abstract: 'We settle the global nonlinear stability problem for the family of Kerr black holes in the full subextremal range: spacetimes evolving from initial data close to those of a subextremal Kerr black hole ... settle down to a nearby member of the Kerr family at the rate O(t_*^{-2-eps}) in spatially compact regions.',T-528;T-515;T-301 (stability antecedent),,,verified-metadata+abstract (P3),deepseek-flash-09,"arXiv abs HTTP 200; title/authors/submitted date match ledger SRC-078 ('v1 26 Jun 2026, v2 3 Aug 2026'). No journal ref (preprint, consistent with the ledger's caveat).",abstract-level only; numbered theorem not extracted (339 pages),"Global nonlinear stability of subextremal Kerr in the full subextremal range, rate O(t_*^{-2-eps}) in spatially compact regions, under a finite expansion of the initial data.","n/a (stability of the exterior; supplies the antecedent for the C0 refutation, not an SCC statement).",AF-WCC-VAC-GEN;AF-SCC-C0-VAC-GEN,Neither endpoint directly: this is the Kerr-stability input that makes the Dafermos-Luk C0-SCC refutation (T-301) unconditional at preprint level. It must not be cited as an SCC theorem.,(i) not peer-reviewed; (ii) does not itself prove or refute SCC in any regularity class; (iii) does not by itself discharge the compatibility of its initial-data asymptotics with the Dafermos-Luk interior-data assumptions (the ledger lists this as unresolved).,"Refereeing rejects the stability claim, or the initial-data asymptotics required here are shown incompatible with the Dafermos-Luk hypotheses, in which case the C0 refutation remains conditional.",26bb4a03b79b7266649ad6edf77cf485,artifacts/worker-09/sources/abs_2606.28253.html
W09-016,luksbierski2026wns,The formation of a weak null singularity in the interior of generic rotating black holes,Jonathan Luk; Jan Sbierski,2026,"arXiv:2604.04877 (v1, 6 Apr 2026); preprint",,2604.04877,https://arxiv.org/abs/2604.04877,verified-api,,arxiv-abs-page (independent re-fetch by worker-09),theorem-statement,2026-09-11T23:33:30+08:00,200,,,,,"Theorem 1.2, conclusion 2: '... we can attach the boundary CH+ := {u_CH+ = 0} to M' so that the metric extends continuously to M'bar = M' union CH+ ...'. Conclusion 3 (Lipschitz inextendibility of the metric): 'There is no C^{0,1}_loc extension iota: M' -> M'hat with the property that there is an affinely parameterized, future-directed and future-inextendible timelike geodesic tau ... with lim u_CH+(tau(sigma)) = 0 ... and lim iota o tau(sigma) exists.' Assumption (iii) (weighted L^2 lower bound on the l=2 modes of the dynamical s=+2 Teukolsky field) is required for conclusion 3.",T-526;T-402;T-305,,,verified-theorem-level (full text read),deepseek-flash-09,"arXiv abs HTTP 200; title/authors/date match ledger SRC-080. Full arXiv HTML downloaded complete (6,105,891 bytes, sha256 4e4fac6241ed965d...); Theorem 1.2 read with all three conclusions.","Theorem 1.2, conclusions 1-3 (main theorem, full text read)","Thm 1.2: characteristic IVP for the vacuum Einstein equations with data on H+ and H1 approaching subextremal Kerr (M,a), 0<|a|<M, subject to (i) upper bounds on H+, (ii) upper bounds on H1, and for conclusion 3 (iii) a weighted L^2 lower bound on the l=2 modes of the dynamical s=+2 Teukolsky field. Conclusions: 1. existence of the MGHD, C0-close to Kerr; 2. the metric extends continuously across the non-trivial CH+; 3. no C^{0,1}_loc extension along the specified future-inextendible timelike geodesics.","Conclusion 2 = C0 extendibility; conclusion 3 = C^{0,1}_loc (Lipschitz) inextendibility, hence non-C2 by regularity inclusion. The inclusion is the ledger's standard inference, not a quoted sentence.",AF-SCC-C2-VAC-GEN;AF-SCC-C0-VAC-GEN,"C0: extendible (conclusion 2). C2: inextendible *by inclusion* from conclusion 3. This is the pivotal vacuum, no-symmetry, rotating result, still at preprint level.","(i) not peer-reviewed; (ii) characteristic initial data, not a full AF Cauchy problem; (iii) conclusion 3 depends on assumption (iii), whose genericity is not established in this paper; (iv) the C2 conclusion is via regularity inclusion, not a C2-inextendibility theorem stated in the paper.","Peer review rejects the result, or assumption (iii) is shown non-generic, or the inclusion argument is shown inapplicable (e.g. if the extension regularity convention differs).",4e4fac6241ed965dfe53f560250c10d4,artifacts/worker-09/sources/full3_2604.04877.html; artifacts/worker-09/sources/abs_2604.04877.html; artifacts/worker-09/extracted/theorems/2604.04877.txt
W09-017,sbierski2025lipschitz,Lipschitz inextendibility of weak null singularities from curvature blow-up,Jan Sbierski,2025,"arXiv:2409.18838 (v2, 2 Nov 2025); version accepted for publication in Inventiones Mathematicae",,2409.18838,https://arxiv.org/abs/2409.18838,verified-api,,arxiv-abs-page (independent re-fetch by worker-09),abstract + acceptance comment,2026-09-11T23:33:30+08:00,200,,,,,"Abstract: 'We prove the C^{0,1}_loc-inextendibility of weak null singularities without any symmetry assumptions. The proof introduces a new strategy to infer C^{0,1}_loc-inextendibility from the blow-up of curvature. The assumed blow-up is expected to be satisfied for weak null singularities in the interior of generic rotating black holes.' Comments: 'Version accepted for publication in Inventiones Mathematicae.'",T-527;T-526,,,verified-metadata+abstract+acceptance (P3),deepseek-flash-09,arXiv abs HTTP 200; title/authors match ledger SRC-081. Acceptance comment verified verbatim: 'Version accepted for publication in Inventiones Mathematicae'.,abstract-level only; numbered theorem not extracted,"C^{0,1}_loc-inextendibility of weak null singularities from curvature blow-up, no symmetry assumptions; blow-up hypothesis expected for generic rotating black holes.","C^{0,1}_loc (Lipschitz) inextendibility criterion; conditional on curvature blow-up.",AF-SCC-C2-VAC-GEN;AF-SCC-C0-VAC-GEN,"C^{0,1}_loc: intermediate rung. The blow-up hypothesis is supplied for characteristic data by W09-016 (T-526); alone, this paper proves a criterion, not the blow-up.",(i) the curvature blow-up itself (explicitly 'assumed' and 'expected'); (ii) anything about C2 beyond what non-Lipschitz implies; (iii) final published volume/pages; (iv) no WCC claim.,"The blow-up hypothesis fails for generic rotating interiors, or the published version weakens the no-symmetry claim.",01e3c99026703dd89adcac0112d52463,artifacts/worker-09/sources/abs_2409.18838.html
W09-018,sbierski2026note,A note on the instability of the Kerr Cauchy horizon under linearised gravitational perturbations,Jan Sbierski,2026,"arXiv:2604.06283 (v1, 7 Apr 2026); preprint",,2604.06283,https://arxiv.org/abs/2604.06283,verified-api,,arxiv-abs-page (independent re-fetch by worker-09),abstract,2026-09-11T23:33:30+08:00,200,,,,,Abstract: 'This note slightly strengthens the result of arXiv:2201.12295 on the linear instability of the Kerr Cauchy horizon. This strengthened result is used in the proof arXiv:2604.04877 of the non-linear instability of the Kerr Cauchy horizon.',T-526 (supporting),,,verified-metadata+abstract (P3),deepseek-flash-09,arXiv abs HTTP 200; title/authors/date and the stated dependency on 2201.12295 and use in 2604.04877 match ledger SRC-082.,abstract-level only,"Strengthened linear instability of the Kerr CH (relative to arXiv:2201.12295), used in the non-linear result.",linearised gravity; input to the non-Lipschitz (hence non-C2) conclusion.,AF-SCC-C2-VAC-GEN,Neither endpoint: linear input. It does not by itself give C0 or C2 verdicts.,(i) not peer-reviewed; (ii) linear only; (iii) no SCC statement on its own.,The strengthening is withdrawn or found insufficient for the cited use in 2604.04877.,6aa45215fa3223c94a8e067c6a6e4ec7,artifacts/worker-09/sources/abs_2604.06283.html
W09-019,gurriaran2025spin2,Precise asymptotics of the spin +2 Teukolsky field in the Kerr black hole interior,Sebastian Gurriaran,2025,"arXiv:2409.02670 (v2, 10 Jun 2025); preprint",,2409.02670,https://arxiv.org/abs/2409.02670,verified-api,,arxiv-abs-page (independent re-fetch by worker-09),abstract,2026-09-11T23:33:30+08:00,200,,,,,"Abstract: 'Using a purely physical-space analysis, we prove the precise oscillatory blow-up asymptotics of the spin +2 Teukolsky field in the interior of a subextremal Kerr black hole. In particular, this work gives a new proof of the blueshift instability ... This work supports the Strong Cosmic Censorship conjecture in Kerr spacetimes.'",T-526 (supporting);T-527,,,verified-metadata+abstract (P3),deepseek-flash-09,arXiv abs HTTP 200; title/authors/date match ledger SRC-083.,abstract-level only,Precise oscillatory blow-up asymptotics of the spin +2 Teukolsky field in the subextremal Kerr interior; new proof of blueshift instability under linearised gravitational perturbations.,"linearised gravity (Teukolsky); supports, does not prove, the nonlinear SCC picture.",AF-SCC-C2-VAC-GEN,Neither endpoint: linear input supporting the C2-side expectation.,(i) not peer-reviewed (v2 2025); (ii) linear Perturbation only; (iii) 'supports' is not 'proves'; (iv) no C2-inextendibility theorem for the nonlinear equations.,Refereeing or independent computation contradicts the asymptotics.,9dc371304044d400f89bb3f0075911c7,artifacts/worker-09/sources/abs_2409.02670.html
W09-020,gurriaran2025spinminus2,Generic linearized curvature singularity at the perturbed Kerr Cauchy horizon,Sebastian Gurriaran,2025,"arXiv:2503.24114 (v1, 31 Mar 2025); preprint",,2503.24114,https://arxiv.org/abs/2503.24114,verified-api,,arxiv-abs-page (independent re-fetch by worker-09),abstract,2026-09-11T23:33:30+08:00,200,,,,,"Abstract: 'We prove the precise asymptotics of the spin -2 Teukolsky field in the interior and along the Cauchy horizon of a subextremal Kerr black hole. Together with ... our previous work arXiv:2409.02670, our result suggests that generic perturbations of a Kerr black hole build up to form a coordinate-independent curvature singularity at the Cauchy horizon. This supports the Strong Cosmic Censorship conjecture in Kerr spacetimes.'",T-305;T-526 (supporting),,,verified-metadata+abstract (P3),deepseek-flash-09,arXiv abs HTTP 200; title/authors/date match ledger SRC-084.,abstract-level only,Precise spin -2 Teukolsky asymptotics in the Kerr interior/CH; the paper itself says the curvature-singularity conclusion 'suggests' rather than proves.,linearised gravity; intermediate input on the C2 side.,AF-SCC-C2-VAC-GEN,Neither endpoint: linear result; its curvature-singularity reading is explicitly a suggestion.,(i) nonlinear C2-inextendibility; (ii) the word 'suggests' must survive into any ledger assessment - reading it as a proof is conclusion inflation; (iii) not peer-reviewed.,"The two Teukolsky asymptotics are shown not to combine into a coordinate-independent curvature singularity, or publication weakens 'suggests'.",325ca9ac411216328de69de8d08355ad,artifacts/worker-09/sources/abs_2503.24114.html
W09-021,sbierski2022linear,Instability of the Kerr Cauchy horizon under linearised gravitational perturbations,Jan Sbierski,2023,"arXiv:2201.12295 (v2, 21 Mar 2023); preprint",,2201.12295,https://arxiv.org/abs/2201.12295,verified-api,,arxiv-abs-page (independent re-fetch by worker-09),abstract,2026-09-11T23:33:30+08:00,200,,,,,"Abstract: 'This paper establishes a mathematical proof of the blue-shift instability at the sub-extremal Kerr Cauchy horizon for the linearised vacuum Einstein equations. More precisely, we exhibit conditions on the s=+2 Teukolsky field ... that ensure that the Teukolsky field, with respect to a frame that is regular at the Cauchy horizon, becomes singular.'",T-526 (supporting);T-518,,,verified-metadata+abstract (P3),deepseek-flash-09,arXiv abs HTTP 200; title/authors/date match ledger SRC-085.,abstract-level only,Conditions (integrated upper/lower decay bounds on the event horizon) under which the s=+2 Teukolsky field becomes singular at the CH in a regular frame; satisfied by generic compactly supported data via later work.,linearised vacuum Einstein equations; input to the nonlinear non-Lipschitz results.,AF-SCC-C2-VAC-GEN,Neither endpoint: linear instability input.,(i) no nonlinear statement; (ii) conditions are assumptions to be checked; (iii) no C0/C2 verdict.,"The decay conditions are shown non-generic, or the singularity statement is frame-dependent contrary to the claim.",3faf9ede0871106158ca65fb8a00c305,artifacts/worker-09/sources/abs_2201.12295.html
W09-023,christodoulou1999cqg,On the global initial value problem and the issue of singularities,Demetrios Christodoulou,1999,"Classical and Quantum Gravity 16(12A), A23-A35 (1999)",10.1088/0264-9381/16/12A/302,,https://api.openalex.org/works/doi:10.1088/0264-9381/16/12A/302,verified-api,,openalex-api (ledger SRC-092 unassessed),abstract,2026-09-11T23:33:30+08:00,200,,,,,OpenAlex abstract: 'In the first part of the paper we discuss what is known at present about the global initial value problem for the vacuum Einstein equations with general asymptotically flat initial data. We then give precise formulations of cosmic censorship conjectures. ... In the second part I discuss my work on the spherically symmetric Einstein equations with a real massless scalar field ... I give an outline of the approach which has led to the proof of the conjectures in this context.',D-002;D-003 (candidate formulation-origin text),,,verified-metadata+abstract (P4),deepseek-flash-09,"OpenAlex HTTP 200: DOI 10.1088/0264-9381/16/12A/302 -> CQG 16(12A):A23-A35 (1999), title/author/pages match. Full text CLOSED (IOP; oa_status closed, no repository full text).",abstract-level; exact wording of the 'precise formulations' not read (paywalled),Abstract confirms the paper gives precise formulations of cosmic censorship conjectures and outlines the spherical scalar proof. The exact formulations are the item the ledger wants for the C0/C2 attribution (D-002/D-003).,n/a (formulation/attribution source); it discusses both the spherical scalar result and conjectures.,AF-SCC-C2-VAC-GEN;AF-SCC-C0-VAC-GEN,Candidate origin text for both formulations. Abstract-level confirmation only; the wording needed to settle the attribution is not machine-readable here.,"(i) the attribution of the C0/C2 formulations remains open until the relevant pages are read; (ii) the paper is a review/outline, not a source of new SCC theorems for the vacuum class; (iii) do not cite it as scope evidence for AF-SCC-*-VAC-GEN.","A page check shows the paper does not contain the C0 or C2 formulation attributed to it, or attributes them to a different source.",dad843ef9b4b5143bca1a8beab58aa41,artifacts/worker-09/sources/openalex_christodoulou1999.json
W09-024,dafermosrodnianski2009redshift,The red-shift effect and radiation decay on black hole spacetimes,Mihalis Dafermos; Igor Rodnianski,2009,"Communications on Pure and Applied Mathematics 62(7), 859-919 (2009); arXiv:gr-qc/0512119",10.1002/cpa.20281,gr-qc/0512119,https://arxiv.org/abs/gr-qc/0512119,verified-primary,,arxiv-abs-page + openalex-api (ledger SRC-093 had no DOI and a search-query locator),abstract,2026-09-11T23:33:30+08:00,200,,,,,"Abstract: 'We consider solutions to the linear wave equation on a (maximally extended) Schwarzschild spacetime, assuming only that the solution decays suitably at spatial infinity on a complete Cauchy hypersurface. ... We prove uniform decay bounds for the solution in the exterior regions, including the uniform bound C v_+^{-1} ... We also prove uniform decay bounds for the flux of energy through the event horizon and null infinity. The estimates near the event horizon exploit an integral energy identity normalized to local observers. This estimate can be thought to quantify the celebrated red-shift effect.'",T-516 (background); not attached to an SCC theorem by the lead,,,verified-metadata+abstract (P4) + LOCATOR-IMPROVED,deepseek-flash-09,"arXiv abs HTTP 200 (gr-qc/0512119, submitted 21 Dec 2005). OpenAlex HTTP 200: DOI 10.1002/cpa.20281 -> CPAM 62:859-919 (2009), title/authors match. The ledger's SRC-093 exact_locator was an arXiv *search-query URL*; the canonical locator should be the DOI or the arXiv abs page.",abstract-level; decay/boundedness estimates (no SCC theorem),"Uniform decay bounds (including C v_+^{-1}) for the linear wave equation on maximally extended Schwarzschild, plus flux bounds and an independent proof of Kay-Wald uniform boundedness.",linear wave equation on a FIXED maximally extended Schwarzschild background.,AF-WCC-SCALAR-SPH (background); not an SCC source,"Neither: this is a decay/boundedness result, i.e. a STABILITY input. It must not be cited as evidence for SCC violation (instability) or for a C0/C2 verdict.","(i) no nonlinear statement; (ii) fixed Schwarzschild background, no backreaction; (iii) decay is the opposite direction from an instability claim; (iv) no class-level SCC conclusion.",A citation uses this decay estimate as evidence of Cauchy-horizon instability or of SCC failure; or a page check shows the bounds are conditional in a way the ledger does not carry.,5b6f4a8e798c548a3d48146823cb953c,artifacts/worker-09/sources/abs_grqc0512119.html; artifacts/worker-09/sources/openalex_dr2009.json
W09-022,chrusciel1992uniqueness,"On Uniqueness in the Large of Solutions of Einstein's Equations (""Strong Cosmic Censorship"")",Piotr T. Chrusciel,1991,"Proceedings of the Centre for Mathematics and its Applications, Australian National University, v. 1991/27 (ISBN 0 7315 0443 7), 136 pp. The ledger's SRC-090 locator is the AMS Contemp. Math. 132 (1992) 235-273 version of the same title.",10.1090/conm/132/1188443,,https://www.math.tecnico.ulisboa.pt/~jnatar/nonarxivpapers/Chrusciel.pdf,verified-primary,,"open-copy PDF (13,189,076 bytes) + pypdf OCR text layer extraction; 136 pages, 194,749 chars",definition-statement (OCR),2026-09-11T23:33:30+08:00,200,,,,,"Section 1.3, p. 19: 'Strong Cosmic Censorship Conjecture (SCCC): Every maximal Hausdorff development of a generic Cauchy data set (Sigma,g,K), with (Sigma,g) compact or asymptotically flat, is globally hyperbolic. This conjecture is often formulated in the C^k context, and a breakdown of [C^k] differentiability class of the metric on a globally hyperbolic manifold is considered as a breakdown of validity of the conjecture. ... We have purposefully stated the SCCC without making the differentiability conditions explicit...' [OCR: the superscript regularity exponent is garbled in the scan and is NOT asserted here; the words 'C^k' mark the garbled token.]",D-004 (candidate defining text - DISCONFIRMED); D-002 context,,,"verified-theorem-level (definition, OCR-read) + D-004 CANDIDATE DISCONFIRMED",deepseek-flash-09,"Open copy at math.tecnico.ulisboa.pt (José Natário's non-arXiv papers page) HTTP 200, 13,189,076 bytes, PDF with OCR text layer; pypdf extracted 194,749 chars over 136 pages. AMS Contemp. Math. PDF is HTTP 403 (paywalled). The ledger's SRC-090 locator (AMS version) and this open ANU volume share the same title; the quote is from the ANU volume.","Section 1.3, page 19 (SCCC statement). No numbered theorem; this is a definition/conjecture source.","SCCC = every maximal Hausdorff development of a generic Cauchy data set (compact or asymptotically flat) is globally hyperbolic; the conjecture is 'often formulated' at a differentiability class left unspecified in the statement, and the author deliberately does not make the differentiability conditions explicit.",The paper deliberately leaves the differentiability class open; the OCR exponent is unreadable. It does NOT define a 'continuous metric with L^2_loc Christoffel symbols' class.,(definitions; bears on AF-SCC-C0-VAC-GEN / AF-SCC-C2-VAC-GEN formulation provenance),"Neither C0 nor C2 specifically: this version is 'maximal development is globally hyperbolic', parameterised by an unspecified differentiability class. It must not be quoted as the C0 or the C2 formulation.","(i) it is NOT the defining text for ledger D-004's 'continuous metric + L^2 Christoffel' version - the candidate is disconfirmed; (ii) no C0/C2-inextendibility theorem; (iii) the OCR regularity exponent is unresolved, so any citation that pins a specific C^k to this passage is unsupported by this read; (iv) the SCCC here is a conjecture, not a theorem.","A cleaner copy (AMS version) shows the SCCC is stated in the L^2-connection class after all, or that the ANU and Contemp. Math. texts differ on the formulation; then W09-022's disconfirmation is retracted.",ae0dff8499f5334713eef92efe1c69f1,artifacts/worker-09/sources/chrusciel1992.pdf; artifacts/worker-09/extracted/chrusciel1992_text.txt
W09-025,ringstrom2009gowdy,Strong cosmic censorship in T^3-Gowdy spacetimes,Hans Ringstrom,2009,"Annals of Mathematics (2) 170(3), 1181-1240 (2009)",10.4007/annals.2009.170.1181,,https://api.openalex.org/works/doi:10.4007/annals.2009.170.1181,verified-api,,"openalex-api (no open full text located; KTH DiVA unreachable, no arXiv version found)",abstract-reconstruction,2026-09-11T23:33:30+08:00,200,,,,,"OpenAlex abstract: '... Here, we prove strong cosmic censorship in the class of T^3-Gowdy spacetimes. In a previous paper, we introduced a set G_ic of smooth initial data and proved that it is open in the C^1 x C^0-topology. The solutions corresponding to initial data in G_ic have the following properties. First, the MGHD is C^2-inextendible. Second, ... the Kretschmann scalar is unbounded along any causal curve that ends on the singularity. The purpose of the present paper is to prove that G_ic is dense in the C^1-topology.'",T-520;T-517,,,verified-metadata+abstract (P5),deepseek-flash-09,"OpenAlex HTTP 200: DOI 10.4007/annals.2009.170.1181 -> Ann. of Math. 170(3):1181-1240 (2009), title/author/pages match. No arXiv version found; KTH DiVA record unreachable from this sandbox (connection timeout); full text not read.",abstract-level (numbered theorem not extracted),"SCC proved in T^3-Gowdy: the generic set G_ic (open in C^1 x C^0 from the earlier paper) is dense in C^1, and its solutions have C^2-inextendible MGHD; the Kretschmann scalar is unbounded along causal curves ending on the singularity.","C^2-inextendibility (vacuum, T^3-Gowdy symmetry). This is a VACUUM C2-positive result, but in a symmetry class with two Killing fields, not the asymptotically flat rotating class.",AF-SCC-OTHER-MODELS (symmetry-restricted vacuum; not AF-SCC-C2-VAC-GEN),C2: TRUE for generic T^3-Gowdy vacuum data. It must not be transferred to AF-SCC-C2-VAC-GEN: the class file's T-401 already states the AF vacuum C2 theorem is not established.,"(i) not asymptotically flat (T^3-Gowdy, compact); (ii) two Killing fields, so far from generic vacuum; (iii) nothing about C0 SCC; (iv) no WCC claim.","A page check shows the generic set is not dense in the stated topology, or the C^2-inextendibility statement is weaker than the abstract suggests.",bdb3b9aea25676840ba0fecb4d377979,artifacts/worker-09/sources/openalex_ringstrom2009.json
W09-026,dafermos2018rough,Rough initial data and the strength of the blue-shift instability on cosmological black holes with Lambda > 0,Mihalis Dafermos; Yakov Shlapentokh-Rothman,2018,"arXiv:1805.08764; Classical and Quantum Gravity 35(19), 195010 (2018)",,1805.08764,https://arxiv.org/abs/1805.08764,verified-primary,,arxiv-abs-page + ar5iv full text,theorem-statement,2026-09-11T23:33:30+08:00,200,,,,,"Theorem 1.1: 'Consider a subextremal Reissner-Nordstrom-de Sitter spacetime, or more generally, Kerr-Newman-de Sitter spacetime M~. For generic initial data (Psi, Psi') with finite local energy along Sigma~, the resulting solution psi of (4) in D^+(Sigma~) has infinite local energy along hypersurfaces intersecting transversally the Cauchy horizon CH+, i.e. psi in particular fails to extend H^1_loc around any point of CH+.'",T-508,,,verified-theorem-level (P5),deepseek-flash-09,"arXiv abs HTTP 200, 1805.08764 -> CQG 35(19):195010 (2018), title/authors match. ar5iv full text HTTP 200 (736,477 bytes); Theorem 1.1 read from cache.","Theorem 1.1 (main); see also Theorem 3.1, Theorem 5.1, Propositions 3.1/5.1/5.2","For generic finite-local-energy initial data on subextremal RN-dS (or KN-dS), the linear wave solution has infinite local energy across CH+ and fails to be H^1_loc near any CH+ point.",Linear wave equation on a FIXED cosmological black-hole background; H^1_loc obstruction. Not a nonlinear SCC theorem.,AF-SCC-OTHER-MODELS,Neither C0 nor C2: it is a linear H^1 instability statement on a fixed background with Lambda>0. It shows rough data restores the blue-shift instability that fails for smooth data in the Lambda>0 setting (cf. T-507).,"(i) fixed background (no backreaction); (ii) Lambda>0 cosmological setting, not AF; (iii) linear only; (iv) no nonlinear C0/C2 verdict.","A page check shows the genericity is in a class narrower than claimed, or the H^1 obstruction is only on a subset of CH+.",89b96fb82e687508bbf61e47b2326cc2,artifacts/worker-09/sources/full2_1805.08764.html; artifacts/worker-09/extracted/theorems/1805.08764.txt
W09-027,rossetti2025scc,Strong cosmic censorship for the spherically symmetric Einstein-Maxwell-charged scalar field system,Filipe Rossetti,2025,"Annales Henri Poincare 26, 675-753 (2025); arXiv:2309.14420",10.1007/s00023-024-01454-x,2309.14420,https://arxiv.org/abs/2309.14420,verified-primary,,"arxiv-abs-page + complete arXiv HTML (2,909,737 bytes)",theorem-statement,2026-09-11T23:33:30+08:00,200,,,,,"Theorem 5.22 (A C^0 extension of g and phi): '... the functions r_V, Omega^2_V and phi_V admit a continuous extension ...'. Theorem 6.1 (A sufficient condition to prevent mass inflation): under s > K_- and rho = K_-/K_+ < 2, |varpi|(u,v) <= C. Theorem 6.6 (An H^1_loc extension): '... there exists a continuous extension of the metric g ... with Christoffel symbols in L^2(D) and such that phi in H^1(D).' Corollary 6.7: pull-backed scalar field in H^1_loc and Christoffel symbols in L^2_loc.",T-519;D-004,,,verified-theorem-level (P5),deepseek-flash-09,"arXiv abs HTTP 200, 2309.14420 -> Ann. Henri Poincare 26:675-753 (2025), DOI 10.1007/s00023-024-01454-x. Complete arXiv HTML (2,909,737 bytes); Theorems 4.1, 5.22, 6.1, 6.6 and Corollary 6.7 read from cache.",Theorem 4.1 (extension criterion); Theorem 5.22 (C0 extension); Theorem 6.1 (no-mass-inflation condition); Theorem 6.6 (H^1_loc extension); Corollary 6.7,"Under a no-mass-inflation condition (rho = K_-/K_+ < 2, s > K_-), the metric admits a continuous extension with Christoffel symbols in L^2_loc and the charged scalar in H^1_loc across the Cauchy horizon.","C0 metric + L^2_loc Christoffel + H^1_loc scalar - exactly the regularity territory of the 'continuous metric with square-integrable Christoffel symbols' version (ledger D-004), below C^1.",AF-SCC-OTHER-MODELS,"C0: extendible (to L^2 Christoffel/H^1 scalar). C2: not addressed. This is a model instantiation of the D-004 regularity class, not of the C2 class.","(i) not vacuum (Einstein-Maxwell-charged scalar, spherical symmetry); (ii) the extension is under a no-mass-inflation condition, not generic; (iii) no C2 statement; (iv) no WCC claim.","A page check shows the extension requires additional hypotheses absent from the ledger mapping, or that it is only local in a weaker sense than stated.",5b96baa22f5c129b5a9087ad6c84d989,artifacts/worker-09/sources/full2_2309.14420.html; artifacts/worker-09/extracted/theorems/2309.14420.txt
W09-028,luk2018jams,Weak null singularities in general relativity,Jonathan Luk,2018,"Journal of the American Mathematical Society 31(1), 1-63 (2018); arXiv:1311.4970",10.1090/jams/888,1311.4970,https://arxiv.org/abs/1311.4970,verified-api,,arxiv-abs-page + openalex-api (ledger SRC-022 had no arXiv id),abstract,2026-09-11T23:33:30+08:00,200,,,,,Abstract: 'We construct a class of spacetimes (without symmetry assumptions) satisfying the vacuum Einstein equations with singular boundaries on two null hypersurfaces intersecting in the future on a 2-sphere. The metric of these spacetimes extends continuously beyond the singularities while the Christoffel symbols fail to be square integrable in a neighborhood of any point on the singular boundaries. The construction shows moreover that the singularities are stable in a suitable sense.',T-303;D-004;T-402,,,verified-theorem-level (P6),deepseek-flash-09,"arXiv abs HTTP 200, 1311.4970 (v3, 2017) -> JAMS 31(1) (2018), DOI 10.1090/jams/888; full text HTTP 200 (1,628,868 bytes), Theorems 1/3/4 read from cache. The ledger's SRC-022 carried no arXiv identifier; 1311.4970 is supplied here.","Theorem 1 (main theorem, first version); Theorem 3 (continuous extension up to and beyond the singular boundaries); Theorem 4 (non-L^2 Christoffels under an integral condition); Theorem 5 (a priori estimates)","Thm 3: under Thm 2's assumptions the spacetime 'can be extended continuously up to and beyond the singular boundaries'. Thm 4: if the initial data satisfy an integrated non-degeneracy condition, 'the Christoffel symbols ... do not belong to L^2 in a neighborhood of any point' of the boundary. Remark 6 adds that whether the spacetime admits any other continuous extension is an open problem.","C0-extendible with non-L^2 connection (vacuum, no symmetry) - a special construction, not generic collapse.",AF-SCC-C2-VAC-GEN;AF-SCC-C0-VAC-GEN,C0: extendible for this constructed class. It does not decide C0 or C2 SCC for generic data; it shows the L^2-connection formulation can fail in vacuum.,"(i) not generic collapse (a constructed class); (ii) no complete AF exterior; (iii) does not decide C0 or C2 SCC; (iv) 'stable in a suitable sense' is not a genericity statement for AF data; (v) Remark 6: uniqueness of the continuous extension is explicitly left open, so this is not a uniqueness result.","A page check shows the singularities are C1-extendible, or the construction requires more symmetry than stated.",2a19acc772925279ad6462bc82bf2b75,artifacts/worker-09/sources/full4_1311.4970.html; artifacts/worker-09/sources/abs_1311.4970.html; artifacts/worker-09/extracted/theorems/1311.4970.txt
W09-029,cameron2025unique,On the uniqueness of continuous spacetime extensions in 1+1 dimensions with applications to weak null singularities,Peter Cameron; Jan Sbierski,2026,"arXiv:2511.13422 (v2, 23 Jun 2026); preprint",,2511.13422,https://arxiv.org/abs/2511.13422,verified-api,,arxiv-abs-page,abstract,2026-09-11T23:33:30+08:00,200,,,,,"Abstract: 'Motivated by weak null singularities in black hole interiors, we study 1+1 dimensional Lorentzian manifolds (M,g) which admit a continuous spacetime extension across a null boundary v=0 ... Firstly, we find that in general not even the C^0-structure of the extension is uniquely determined by the assumption that the metric extends continuously. However, we exhibit an interesting local-global relation ...'",T-306;D-002,,,verified-theorem-level (P6),deepseek-flash-09,"arXiv abs HTTP 200, 2511.13422 (v2, Jun 2026); full text HTTP 200 (1,471,931 bytes), Theorem 4.3 and Corollary 4.6 read from cache.",Theorem 4.3 (trichotomy for C0 extensions); Corollary 4.6 (local C0 equivalence for strongly spherically symmetric subextremal RN extensions); Corollary 2.3,"Thm 4.3: any C0 extension in which the limit p~ exists satisfies one of a list of alternatives (in particular the extension either extends continuously to the boundary or does not). Cor 4.6: for strongly spherically symmetric C0 extensions of subextremal RN across the Cauchy horizon, the extension is locally C0-equivalent to the standard one.",C0 extensions in 1+1 dimensions / strongly spherically symmetric reductions (model setting).,AF-SCC-C0-VAC-GEN (definitional support),"C0: the general C0-structure of an extension is NOT unique (abstract), while Cor 4.6 gives local C0 uniqueness in the strongly spherically symmetric RN class. Consequence for T-301/D-002: 'the extension exists' must not be conflated with 'the extension is unique'.",(i) 1+1 dimensions (and the spherically symmetric reduction) only; (ii) does not construct a 3+1 vacuum extension; (iii) no C2 statement; (iv) preprint.,"The published version restricts non-uniqueness to a measure-zero set, or Cor 4.6's hypotheses are shown not to cover the extensions T-301 constructs.",6d01c018894f025d621fd31b9132a291,artifacts/worker-09/sources/full4_2511.13422.html; artifacts/worker-09/sources/abs_2511.13422.html; artifacts/worker-09/extracted/theorems/2511.13422.txt
W09-030,luksbierski2016,Instability results for the wave equation in the interior of Kerr black holes,Jonathan Luk; Jan Sbierski,2016,"arXiv:1512.08259 (v2, 2016); Journal of Functional Analysis (per ledger SRC-066)",,1512.08259,https://arxiv.org/abs/1512.08259,verified-api,,arxiv-abs-page,abstract,2026-09-11T23:33:30+08:00,200,,,,,"Abstract: 'We prove that a large class of smooth solutions psi to the linear wave equation Box_g psi = 0 on subextremal rotating Kerr spacetimes which are regular and decaying along the event horizon become singular at the Cauchy horizon. More precisely, we show that assuming appropriate upper and lower bounds on the energy along the event horizon, the solution has infinite (non-degenerate) energy on any spacelike hypersurfaces intersecting the Cauchy horizon transversally.'",T-518;T-526 (supporting),,,verified-theorem-level (P6),deepseek-flash-09,"arXiv abs HTTP 200, 1512.08259 (v2, 2016); full text HTTP 200 (1,093,775 bytes), Theorem 1.2 (rough main) and Theorem 3.2 (precise bounds) read from cache.",Theorem 1.2 (rough version of main theorem); Theorem 3.2 (precise upper/lower bounds); Theorem 1.5 (McNamara / Dafermos-Shlapentokh-Rothman),"Thm 1.2: for a smooth solution of the linear wave equation in the interior of a subextremal Kerr spacetime with non-vanishing angular momentum, if the energy along the event horizon obeys polynomial upper and lower bounds (Thm 3.2), then the non-degenerate energy on any spacelike hypersurface intersecting the Cauchy horizon transversally is infinite.",Linear wave equation on fixed subextremal Kerr; energy/regularity obstruction at CH. Not a nonlinear SCC theorem.,AF-SCC-OTHER-MODELS;AF-SCC-C2-VAC-GEN (supporting),Neither endpoint: linear instability input on a fixed background; used to motivate the nonlinear non-Lipschitz results.,(i) fixed Kerr background; (ii) linear only; (iii) upper/lower bounds are assumptions; (iv) no C0/C2 verdict.,"The bounds are shown non-generic, or the infinite-energy statement is only along a subset of hypersurfaces.",2d30b68d5f7f8521ef3f992936ad7c4b,artifacts/worker-09/sources/abs_1512.08259.html
W09-031,gautam2024tails,Late-time tails and mass inflation for the spherically symmetric Einstein-Maxwell-scalar field system,Onyx Gautam,2024,"arXiv:2412.17927 (v1, 23 Dec 2024); preprint",,2412.17927,https://arxiv.org/abs/2412.17927,verified-api,,arxiv-abs-page,abstract,2026-09-11T23:33:30+08:00,200,,,,,"Abstract: 'We establish a decay result in the black hole exterior region of spherically symmetric solutions to the Einstein-Maxwell-scalar field system arising from compactly supported admissible data. Our result allows for large initial data, and it is the first decay statement for higher order derivatives of the scalar field. ... Luk--Oh (arXiv:1702.05715, arXiv:1702.05716) identify a generic class of initial data that produces C^2-f[uture-inextendibility] ...'",T-510;T-514 (supporting),,,verified-metadata+abstract (P6),deepseek-flash-09,"arXiv abs HTTP 200, 2412.17927 (v1, Dec 2024), title/author match ledger SRC-052.",abstract-level (numbered theorem not extracted at this checkpoint),"Decay in the exterior for large compactly supported admissible EM-scalar data, including higher derivatives; confirms the generic interior singularity picture of Luk-Oh.",Nonlinear EM-scalar in spherical symmetry; exterior decay + interior mass inflation context.,AF-SCC-OTHER-MODELS,Neither endpoint directly: a decay/regularity input that supports the model's C2-inextendibility chain. It must not be cited as a C2 theorem itself.,(i) not vacuum; (ii) exterior decay does not by itself prove CH behaviour; (iii) preprint; (iv) no C0/C2 verdict for AF vacuum.,"The decay hypotheses are shown to fail for the Luk-Oh generic class, or the higher-derivative statement is conditional in a way not carried in the mapping.",638e8911ead42d2888892b91c1be0fa1,artifacts/worker-09/sources/abs_2412.17927.html
W09-CTRL-1,CONTROL-wrong-doi,CONTROL: candidate DOI 10.4310/jdg/1519959623 tested and REJECTED (resolves to an unrelated paper),n/a (control),,,10.4310/jdg/1519959623,,https://api.openalex.org/works/doi:10.4310/jdg/1519959623,rejected-locator,,openalex-api,negative-control,2026-09-11T23:33:30+08:00,200,,,,,OpenAlex HTTP 200 for 10.4310/jdg/1519959623 returns title 'On the microlocal analysis of the geodesic X-ray transform with conjugate points' (JDG 2018) - NOT Sbierski's C0-inextendibility paper. The candidate was discarded and the correct DOI 10.4310/jdg/1518490820 used for W09-009.,,,,control-passed (method caught a wrong DOI),deepseek-flash-09,Mismatch: candidate DOI -> different title/authors.,n/a,n/a,n/a,n/a,n/a,n/a,"If the resolver had accepted this DOI, the locator check would be broken; it did not.",8f79dc49c151439041dc69bcc858bc0a,artifacts/worker-09/sources/openalex_sbierski2018.json
W09-CTRL-2,CONTROL-correct-doi,CONTROL: correct DOI 10.4310/jdg/1518490820 resolves to the exact Sbierski title,n/a (control),2018,Journal of Differential Geometry,10.4310/jdg/1518490820,1507.00601,https://api.crossref.org/works/10.4310/jdg/1518490820,verified-api,,crossref-bibliographic-search,positive-control,2026-09-11T23:33:30+08:00,200,,,,,Crossref bibliographic search returned: 2018-02-01 | 'The $C_0$-inextendibility of the Schwarzschild spacetime and the spacelike diameter in Lor...' | Sbierski | Journal of Differential Geometry | vol 108 | DOI 10.4310/jdg/1518490820.,W09-009,,,control-passed (positive locator),deepseek-flash-09,Exact title/author/journal match.,n/a,n/a,n/a,n/a,n/a,n/a,A future resolver returning a different work for this DOI would invalidate the W09-009 locator.,,artifacts/worker-09/audit_report.md#controls
W09-CTRL-3,CONTROL-journal-dois,CONTROL: journal DOIs for Luk-Oh Parts I/II resolve to the exact titles and venues,n/a (control),2019,Annals of Mathematics 190(1); Annals of PDE 5(1),10.4007/annals.2019.190.1.1; 10.1007/s40818-019-0062-7,1702.05715; 1702.05716,https://api.openalex.org/works/doi:10.4007/annals.2019.190.1.1,verified-api,,openalex-api,positive-control,2026-09-11T23:33:30+08:00,200,,,,,"10.4007/annals.2019.190.1.1 -> 'Strong cosmic censorship in spherical symmetry for two-ended asymptotically flat initial data I. The interior of the black hole region', Luk & Oh, Annals of Mathematics 190 (2019). 10.1007/s40818-019-0062-7 -> '... II: The Exterior of the Black Hole Region', Annals of PDE 5 (2019).",SRC-086;SRC-058 (W09-012;W09-013),,,control-passed (journal locators confirmed),deepseek-flash-09,Both DOIs resolve to the exact titles/authors/venues recorded by the lead.,n/a,n/a,n/a,AF-SCC-OTHER-MODELS,n/a,n/a (locator control),A resolver returning a different work for either DOI.,,artifacts/worker-09/audit_report.md#controls
W09-CTRL-4,CONTROL-canonical-schema-guard,CONTROL: the merge guard aborted on the lead's schema change instead of corrupting the canonical,n/a (control),2026,ledger/citation_audit.csv,,,,control,,merge_into_canonical.py schema check + hash restore,process-control,2026-09-11T23:33:30+08:00,n/a,,,,,"Run 1: shard header had 18 columns, canonical had been rewritten with 25 -> 'SCHEMA MISMATCH' and no write. Run 2 (after adapting): the lead rebuilt the file again; the pre-merge backup matched the lead's MANIFEST hash 67df6d45 and was used to restore the canonical.",,,,control-passed (no silent canonical corruption),deepseek-flash-09,n/a,n/a,n/a,n/a,n/a,n/a,n/a,A future run where the guard writes despite a schema or hash mismatch.,,artifacts/worker-09/audit_report.md#f6-process-integration
