spotcheck_id,refetch_timestamp,reviewer,target_shard,target_shard_id,target_canonical,target_canonical_id,assignment_id,gate,class_scope,locator_refetched,fetch_method,http_status,archive_bytes,archive_sha256,source_tex_file,ledger_excerpt_checked,source_tex_quote,source_quote_plain,quote_tex_sha256,theorem_number_check,equation_check,c0_c2_check,class_binding_check,match_verdict,discrepancies,correction_proposed,falsifier,evidence_ref
SC-09-001,2026-09-12T00:23:34+08:00,worker-009,ledger/citation_audit_scc_flash-09.csv,W09-003,ledger/citation_audit.csv,SRC-055,asg-2026-09-11-L1-deepseek-flash-09-18,G-LIT,AF-SCC-C2-VAC-GEN;AF-SCC-C0-VAC-GEN (scope check only),https://arxiv.org/e-print/1501.04598v1,"arxiv e-print TeX source retrieved with curl, unpacked locally, theorem environments parsed from .tex",200,50073,0f7c6126d16b824ca1524f7c5daee3bc192516e0225658df67e409344bce54d2,SCClinear-150119-2.tex,"Theorem 1.1 (Main theorem, first version): 'Generic smooth and compactly supported initial data to (1.1) on Sigma_0 give rise to solutions that are not in W^{1,2}_{loc} in a neighborhood of any point on the future Cauchy horizon CH+.' (1.1) is the linear wave equation Box_g phi = 0 on a fixed subextremal RN background.","[Main theorem, first version]\label{main.thm}
Generic smooth and compactly supported initial data to \eqref{wave.eqn} on $\Sgm_{0}$ give rise to solutions that are not in $W^{1,2}_{loc}$ in a neighborhood of any point on the future Cauchy horizon $\CH$.
","[Main theorem, first version] Generic smooth and compactly supported initial data to eqrefwave.eqn on $Sigma_0$ give rise to solutions that are not in $W^1,2_loc$ in a neighborhood of any point on the future Cauchy horizon $CH$.",95cdb89d6c04cac0b8ad546d56a1fe8b464684abdc6b977cc8d4343f034b2a8e,"CONFIRMED. Source uses \newtheorem{theorem}{Theorem}[section]; main.thm is the 1st theorem environment in section 1 => Theorem 1.1. It is followed (line 325) by the 2nd theorem (Price-law sharpness) => 1.2, and by the 3rd (line 489, quantitative lower bound) => 1.3, matching the ledger's 'see also Theorem 1.3'.","CONFIRMED. \label{wave.eqn} is the 1st numbered equation of section 1 (TeX line 295) => (1.1), the linear wave equation Box_g phi = 0 on a fixed RN background.","CONFIRMED. Conclusion is 'not in W^{1,2}_{loc} near any point of CH' = H^1 obstruction on a FIXED background. It is neither a C0 nor a C2 nonlinear inextendibility theorem; shard c0_or_c2 field states exactly this.","PASS. Shard class_ids = AF-SCC-OTHER-MODELS (no binding to AF-SCC-C2-VAC-GEN or AF-SCC-C0-VAC-GEN). Canonical SRC-055 class_mapping = '(evidence/tag only)': acceptable, the row cannot support either frozen vacuum class.",CONFIRMED-MATCH,None. Shard excerpt is a faithful de-TeXed rendering of the source theorem.,none,"A re-fetch of the same locator shows a different theorem number, a different regularity class in the conclusion, or a frozen vacuum class id that the source's matter component (VAC) cannot satisfy.","https://arxiv.org/e-print/1501.04598v1 (HTTP 200, sha256 0f7c6126d16b824c)"
SC-09-002,2026-09-12T00:23:34+08:00,worker-009,ledger/citation_audit_scc_flash-09.csv,W09-011,ledger/citation_audit.csv,SRC-025,asg-2026-09-11-L1-deepseek-flash-09-18,G-LIT,AF-SCC-C2-VAC-GEN;AF-SCC-C0-VAC-GEN (scope check only),https://arxiv.org/e-print/2001.11156v2,"arxiv e-print TeX source retrieved with curl, unpacked locally, theorem environments parsed from .tex",200,1194741,36c24817745f996f62c3c246d299c74b33367a8297ebd3908492c8564ccd66c8,globalinext_revised_for_CMP.tex,"Theorem A: 'Given a two-ended solution ... we assume that both black hole exteriors settle down quantitatively towards a sub-extremal Reissner-Nordstrom metric. Then (M,g) is C^2-future-inextendible.' Theorem B: '... CH_{i+} is C^2 inextendible.' Abstract: '...we prove that CH_{i+} is globally C^2-inextendible.'","  \label{rough2}
 	Given a two-ended solution $(M,g,F,\phi)$ as in Theorem \ref{twoendedapriori} , we assume that both black hole exteriors settle down quantitatively towards a sub-extremal Reissner--Nordstr\""{o}m metric. Then $(M,g)$ is $C^2$-future-inextendible.
 

 \label{rough1}
 	Given a one-ended solution $(M,g,F,\phi)$ as in Theorem \ref{oneendedapriori}, we assume that the exterior of the black hole settles down quantitatively towards a sub-extremal Reissner--Nordstr\""{o}m metric. Then $\CH$ is $C^2$ inextendible.
 

 \label{rough1cond}
 	Given a one-ended solution $(M,g,F,\phi)$ as in Theorem \ref{oneendedapriori} satisfying the assumptions of Theorem \ref{rough1}, suppose additionally that $\mathcal{CH}_{\Gamma}=\emptyset$. Then $(M,g)$ is $C^2$-future-inextendible.
 ","Given a two-ended solution $(M,g,F,phi)$ as in Theorem reftwoendedapriori , we assume that both black hole exteriors settle down quantitatively towards a sub-extremal Reissner--Nordstr""om metric. Then $(M,g)$ is $C^2$-future-inextendible. Given a one-ended solution $(M,g,F,phi)$ as in Theorem refoneendedapriori, we assume that the exterior of the black hole settles down quantitatively towards a sub-extremal Reissner--Nordstr""om metric. Then $CH$ is $C^2$ inextendible. Given a one-ended solution $(M,g,F,phi)$ as in Theorem refoneendedapriori satisfying the assumptions of Theorem refrough1, suppose additionally that $mathcalCH_Gamma=emptyset$. Then $(M,g)$ is $C^2$-future-inextendible.",eda972b70431ce15eb4e4011fcd901abe1f6fb9e08b797f11858128d39350f7e,"CONFIRMED. Source sets \renewcommand{\thetheo}{\Alph{theo}} => theo environments are lettered A,B,C,...; rough2=A, rough1=B, rough1cond=C. Formal results use \newtheorem{thm}{Theorem}[section] and sit in section 3 => 3.x; the blow-up theorem is 3.2, two-ended C^2-future-inextendibility 3.3, one-ended across CH 3.4, matching the shard's 'formal Theorem 3.2/3.3/3.4'.","CONFIRMED. Theorem A refers to Theorem 0.2 (two-ended a priori Penrose diagram, \thetheothree=0.2); Theorem B/C refer to Theorem 0.1 (one-ended, \thetheotwo=0.1).",CONFIRMED. A/B/C are C^2-future-inextendibility statements. The same paper's Conjecture 1.1 (C0 version) is stated FALSE for this model; shard c0_or_c2 field separates C2 (inextendible) from C0 (extendible) correctly.,"SHARD PASS / CANONICAL FAIL. Shard class_ids = AF-SCC-OTHER-MODELS, correct: the model is Einstein-Maxwell-Klein-Gordon in spherical symmetry, not 4D vacuum. Canonical SRC-025 class_mapping = AF-SCC-C2-VAC-GEN binds a non-vacuum model result to the frozen vacuum class; F2a l1_ledger_refs T-514 marks this model result scope_use 'different data class; do not transfer'.",CONFIRMED-MATCH (statement) / CLASS-BINDING-REVISE (canonical row),"Canonical SRC-025 class_mapping=AF-SCC-C2-VAC-GEN vs schema F2a binding rule (model-class result, do not transfer).",Canonical SRC-025 class_mapping should be '(model-class evidence only; no class-id binding)' or the registered variant reference; not the bare frozen class id.,"A re-fetch of the same locator shows a different theorem number, a different regularity class in the conclusion, or a frozen vacuum class id that the source's matter component (VAC) cannot satisfy.","https://arxiv.org/e-print/2001.11156v2 (HTTP 200, sha256 36c24817745f996f)"
SC-09-003,2026-09-12T00:23:34+08:00,worker-009,ledger/citation_audit_scc_flash-09.csv,W09-013,ledger/citation_audit.csv,SRC-058,asg-2026-09-11-L1-deepseek-flash-09-18,G-LIT,AF-SCC-C2-VAC-GEN;AF-SCC-C0-VAC-GEN (scope check only),https://arxiv.org/e-print/1702.05716v2,"arxiv e-print TeX source retrieved with curl, unpacked locally, theorem environments parsed from .tex",200,161823,b5bcfb1776f962d561c2c97c320fde980037c5fa90cb54a487f3e0f5e0d1b81d,SCCExterior-arXiv.190222.tex,"Theorem 1.1 (C^2 formulation of SCC, rough version): 'There exists a subset G of admissible smooth two-ended asymptotically flat spherically symmetric initial data with compactly supported scalar field such that the maximal globally hyperbolic future development of any element of G is C^2-future-inextendible. The set G satisfies the following genericity conditions: (1) The generic set G is open in a weighted C^1 topology, ...'","[$C^2$ formulation of strong cosmic censorship conjecture, rough version]\label{main.theorem.intro}
There exists a subset $\mathcal G$ of admissible smooth two-ended asymptotically flat spherically symmetric initial data with compactly supported scalar field such that the maximal globally hyperbolic future development of any element of $\mathcal G$ is $C^2$-future-inextendible. The set $\mathcal G$ satisfies the following genericity conditions:
\begin{enumerate}
\item The generic set $\mathcal G$ is open in a weighted $C^1$ topology,
\item The non-generic set $\mathcal G^c$ has co-dimension at least $1$ in a weighted $C^\infty$ topology. In particular, $\mathcal G$ is dense in a weighted $C^\infty$ topology.
\end{enumerate}
","[$C^2$ formulation of strong cosmic censorship conjecture, rough version] There exists a subset $mathcal G$ of admissible smooth two-ended asymptotically flat spherically symmetric initial data with compactly supported scalar field such that the maximal globally hyperbolic future development of any element of $mathcal G$ is $C^2$-future-inextendible. The set $mathcal G$ satisfies the following genericity conditions: beginenumerate item The generic set $mathcal G$ is open in a weighted $C^1$ topology, item The non-generic set $mathcal G^c$ has co-dimension at least $1$ in a weighted $C^infty$ topology. In particular, $mathcal G$ is dense in a weighted $C^infty$ topology. endenumerate",ac8b3dc0172b5d1fb94c99b7ffb8e5c218d3c4219c31a9c19e6d32e4c79dcca9,CONFIRMED. \newtheorem{theorem}{Theorem}[section]; main.theorem.intro is the 1st theorem environment in section 1 => Theorem 1.1; the following intro theorems are 1.2 and 1.3. The shard's 'Theorem 1.1 (rough version)' is exact.,"CONFIRMED. Abstract and theorem both state the C^2 formulation for two-ended AF data; genericity conditions (1) open in weighted C^1, (2) complement of co-dimension >=1 in weighted C^infinity, hence dense in weighted C^infinity.",CONFIRMED. C^2-future-inextendibility for a generic set; C0 is not addressed here (shard c0_or_c2 field says exactly this).,"SHARD PASS / CANONICAL FAIL. Shard class_ids = AF-SCC-OTHER-MODELS, correct: Einstein-Maxwell-real-scalar, spherical symmetry, two-ended. Canonical SRC-058 class_mapping = AF-SCC-C2-VAC-GEN violates the schema caveat 'support for this class is preprint-level or model-class ... each entry's does_not_imply clauses must travel with any citation'.",CONFIRMED-MATCH (statement) / CLASS-BINDING-REVISE (canonical row),Canonical SRC-058 class_mapping=AF-SCC-C2-VAC-GEN vs F2a T-514 scope_use 'different data class; do not transfer'.,"Canonical SRC-058 class_mapping should be '(model-class evidence only; no class-id binding)', keeping the shard's AF-SCC-OTHER-MODELS token.","A re-fetch of the same locator shows a different theorem number, a different regularity class in the conclusion, or a frozen vacuum class id that the source's matter component (VAC) cannot satisfy.","https://arxiv.org/e-print/1702.05716v2 (HTTP 200, sha256 b5bcfb1776f962d5)"
SC-09-004,2026-09-12T00:23:34+08:00,worker-009,ledger/citation_audit_scc_flash-09.csv,W09-002,ledger/citation_audit.csv,SRC-021;SRC-056,asg-2026-09-11-L1-deepseek-flash-09-18,G-LIT,AF-SCC-C2-VAC-GEN;AF-SCC-C0-VAC-GEN (scope check only),https://arxiv.org/e-print/gr-qc/0307013v3,"arxiv e-print TeX source retrieved with curl, unpacked locally, theorem environments parsed from .tex",200,63617,90d293f3c8667ca870c7359e05da2c4f7410e5b10ee9544c4c8b62f2324744cf,interior.tex,"Theorem 1.2: '...the Hawking mass, interpreted in the limit, blows up identically along CH+, in particular, extensions (M~,g~) depicted above cannot have C1 metric.' Corollary 1.3: 'Strong cosmic censorship, under the formulation of [13], is false for the Einstein-Maxwell-scalar field equations under spherical symmetry.'","
\label{allo9ewr}
Let $p>\frac12$, and $C,c,\epsilon>0$.
Consider data as in Theorem \ref{eis9ew}, where
in place of $(\ref{avtitoumavva})$, we assume
\[
0<cv^{-3p+\epsilon}\le|\partial_v\phi|\le Cv^{-p}
\]
for large enough $v$.
It follows that the Hawking mass, interpreted in the limit, blows up identically
along $\mathcal{CH}^+$,
in particular, extensions $(\tilde{\mathcal{M}},\tilde{g})$
depicted above
\emph{cannot} have $C^1$ metric.



Strong cosmic censorship, under the formulation 
of~\cite{chr:givp},
is false for the Einstein-Maxwell-scalar field equations under
spherical symmetry.
","Let $p>frac12$, and $C,c,epsilonilon>0$. Consider data as in Theorem refeis9ew, where in place of $(refavtitoumavva)$, we assume [ 0<cv^-3p+epsilonilonle|partial_vphi|le Cv^-p ] for large enough $v$. It follows that the Hawking mass, interpreted in the limit, blows up identically along $mathcalCH^+$, in particular, extensions $(tildemathcalM,tildeg)$ depicted above cannot have $C^1$ metric. Strong cosmic censorship, under the formulation of~[chr:givp], is false for the Einstein-Maxwell-scalar field equations under spherical symmetry.",93e51f2e1e23d89dd299b111d028b0a7e405b559a468d4212a3f92c5dae6b829,"CONFIRMED. \newtheorem{corollary}[theorem] shares the theorem counter: Theorem 1.1 (line 216, existence of the maximal development), Theorem 1.2 (line 295, mass blow-up / no C^1 metric), Corollary 1.3 (line 368, SCC false). The shard's numbering is exact.","CONFIRMED. Corollary 1.3 cites formulation [13] = bibitem chr:givp = D. Christodoulou, 'On the global initial value problem and the issue of singularities', Class. Quantum Grav. 16 (1999) no. 12A, A23-A35: the C0 formulation.",CONFIRMED. Theorem 1.2 gives C0-extendibility of the metric and excludes C^1 extensions; it does NOT prove C2-inextendibility. Shard c0_or_c2 field states 'C2: NOT addressed. Do not upgrade this citation to C2 SCC false.',"FAIL (shard and canonical). Shard class_ids = AF-SCC-OTHER-MODELS;AF-SCC-C0-VAC-GEN and canonical SRC-021/SRC-056 class_mapping = AF-SCC-C0-VAC-GEN. The source is Einstein-Maxwell-scalar (not VAC = 4D Einstein vacuum, Lambda=0) and it FALSEFIES the C0 formulation rather than supporting the frozen class statement. F2b anti_scope says the horizon-localized C0 formulation is a registered VARIANT (parent_class AF-SCC-C0-VAC-GEN, variant_id CH) and 'Binding T-301 to the frozen class would be a scope error in the other direction'; the frozen AF-SCC-C0-VAC-GEN remains open.",CONFIRMED-MATCH (statement) / CLASS-BINDING-REVISE (shard + canonical),Class-id leak in both the shard row (class_ids) and the canonical row (class_mapping): non-vacuum C0-falsity bound to AF-SCC-C0-VAC-GEN; SRC-056 additionally carries AF-WCC-SCALAR-SPH alongside.,"Drop AF-SCC-C0-VAC-GEN from shard W09-002 class_ids; canonical SRC-021/SRC-056 class_mapping -> 'AF-SCC-OTHER-MODELS (anti-scope: C0-formulation falsity, horizon-localized variant CH; no class-id binding)'. Lead-literature adjudicates.","A re-fetch of the same locator shows a different theorem number, a different regularity class in the conclusion, or a frozen vacuum class id that the source's matter component (VAC) cannot satisfy.","https://arxiv.org/e-print/gr-qc/0307013v3 (HTTP 200, sha256 90d293f3c8667ca8)"
SC-09-005,2026-09-12T00:23:34+08:00,worker-009,ledger/citation_audit_scc_flash-09.csv,W09-005,ledger/citation_audit.csv,(none; unresolved),asg-2026-09-11-L1-deepseek-flash-09-18,G-LIT,AF-SCC-C2-VAC-GEN;AF-SCC-C0-VAC-GEN (scope check only),n/a (null-result queries),"OpenAlex works API + Crossref works API, independent re-query",200 (both APIs),,,,"Crossref query.bibliographic='Eardley Gundlach critical phenomena', rows=20 -> 0/20 records with both Eardley and Gundlach as authors. Crossref query.author=Eardley + critical phenomena -> no joint work. INSPIRE q='a D.M.Eardley and a C.Gundlach' -> 0 hits. OpenAlex title search 'critical phenomena gravitational collapse' -> no Eardley co-authored record. Web search -> only Eardley-only and Gundlach-only works.",,,,n/a,n/a,n/a,"n/a. Independent re-query (2026-09-12): OpenAlex filter=raw_author_name.search:Eardley + search='critical phenomena gravitational collapse' -> 0 results; Crossref query.bibliographic='Eardley Gundlach critical phenomena gravitational collapse' -> 5 hits, all Gundlach-only. No joint Eardley-Gundlach publication found. Nearest real works confirmed: Eardley-Hirschmann 1995, PRD 51:4198, DOI 10.1103/PhysRevD.51.4198 ('Universal scaling and echoing in the gravitational collapse of a complex scalar field', OpenAlex HTTP 200) and Gundlach-Martin-Garcia 2007 Living Rev. Rel. 10:5 (shard W09-006).",UNRESOLVED-CONFIRMED,None: shard correctly marks the citation unsupported and proposes the two real works.,Assignment item 'Eardley-Gundlach' should be replaced by Eardley-Hirschmann 1995 (DOI 10.1103/PhysRevD.51.4198) and/or dropped; no resolvable joint work exists.,"A re-fetch of the same locator shows a different theorem number, a different regularity class in the conclusion, or a frozen vacuum class id that the source's matter component (VAC) cannot satisfy.",https://api.openalex.org/works (HTTP 200); https://api.crossref.org/works (HTTP 200)
