citation_id,row_verdict,class_token,class_verdict,reason,matter_axis,lambda_axis,lexicon_fallback,supporting_records,tier,record,field,quote,quote_sha256
SRC-004,LICENSED,AF-SCC-C0-VAC-GEN,LICENSED,vacuum_model,VAC,,False,D-002;T-301;T-305;T-402,T1_supporting_record_assumption,T-301,assumptions,"Einstein vacuum equations, no symmetry",a2eeda468dcf288e38249b56dd931e177c32fb4c9cc0cf93d166011dadc65598
SRC-004,LICENSED,AF-SCC-C0-VAC-GEN,LICENSED,vacuum_model,VAC,,False,D-002;T-301;T-305;T-402,T1_supporting_record_assumption,T-305,assumptions,"Einstein vacuum equations, no symmetry",a2eeda468dcf288e38249b56dd931e177c32fb4c9cc0cf93d166011dadc65598
SRC-004,LICENSED,AF-SCC-C2-VAC-GEN,LICENSED,vacuum_model,VAC,,False,T-305;T-401;T-402,T1_supporting_record_assumption,T-305,assumptions,"Einstein vacuum equations, no symmetry",a2eeda468dcf288e38249b56dd931e177c32fb4c9cc0cf93d166011dadc65598
SRC-005,LICENSED,AF-SCC-C0-VAC-GEN,LICENSED,vacuum_model_lexicon,VAC,,True,T-302,L_lexicon_authority,schemas/af_scc_c0_vacuum.yaml,genericity.excluded_set,"meager; must contain (status unresolved) the stationary/axisymmetric Kerr data, whose maximal development admits a C-infinity (hence C0) vacuum extension, plus self-similar and finite-dimensional analytic families",6825cb9b1d2e1675036142549bc140e01cf4d9887b74a1efd2bbfd71f68b08b2
SRC-006,LICENSED,AF-SCC-C0-VAC-GEN,LICENSED,vacuum_model,VAC,,False,T-301;T-302,T1_supporting_record_assumption,T-301,assumptions,"Einstein vacuum equations, no symmetry",a2eeda468dcf288e38249b56dd931e177c32fb4c9cc0cf93d166011dadc65598
SRC-014,SCOPE_ERROR,AF-SCC-C2-VAC-GEN,SCOPE_ERROR,matter_present,NONVAC,,False,D-007,T1_supporting_record_assumption,D-007,assumptions,Einstein-Maxwell-real-scalar system in spherical symmetry,ada628e397394925199c491a6f1d37d7b5f90e5fc22b3e3ca7b1b2d10c9d23ec
SRC-014,SCOPE_ERROR,AF-SCC-C2-VAC-GEN,SCOPE_ERROR,matter_present,NONVAC,,False,D-007,T1_supporting_record_assumption,D-007,assumptions,Einstein-Maxwell-real-scalar system in spherical symmetry,ada628e397394925199c491a6f1d37d7b5f90e5fc22b3e3ca7b1b2d10c9d23ec
SRC-014,SCOPE_ERROR,AF-SCC-C2-VAC-GEN,SCOPE_ERROR,matter_present,NONVAC,,False,D-007,T2_row_own_title,SRC-014,title,The instability of naked singularities in the gravitational collapse of a scalar field,6f9f1f2c7315f6057ceeff048f75535347705abf3ebb44c240e5fc851dbe81e3
SRC-014,SCOPE_ERROR,AF-SCC-C2-VAC-GEN,SCOPE_ERROR,matter_present,NONVAC,,False,D-007,T2_row_own_evidence_excerpt,SRC-014,evidence_excerpt,"The conjecture that the answer to this question is in the negative has been called ``cosmic censorship.'' The present paper, which is a continuation previous work, addresses this question in the context of the spherical gravitational collapse of a scalar field.' Journal ref: Ann.",5e11092c863f434749c66d749572e29ed67cf728b5e29d7ee1e5e9b9dd045487
SRC-014,SCOPE_ERROR,AF-SCC-C2-VAC-GEN,SCOPE_ERROR,matter_present,NONVAC,,False,D-007,T3_supporting_record_caveat,D-007,scope_caveats,"Other works use: 'open set' (Christodoulou 1984 dust; Klainerman-Rodnianski 2012), 'open and dense' informally, 'positive probability' (Christodoulou 1999 abstract), 'generic data in an allowed rough class' (Dafermos-Shlapentokh-Rothman 2018), or leave it implicit.",7fefde9ee59f47ce41dc0c84a119181888d241650c3d8fb20ce98f63edc9cefa
SRC-021,SCOPE_ERROR,AF-SCC-C0-VAC-GEN,SCOPE_ERROR,matter_present,NONVAC,,False,D-002;T-501,T1_supporting_record_assumption,T-501,assumptions,Einstein-Maxwell-(real)-scalar field system,f20da2dd7d3ea71eeffd98c5c64882d5f8424584b9c594e9b6a15acba3190a4f
SRC-021,SCOPE_ERROR,AF-SCC-C0-VAC-GEN,SCOPE_ERROR,matter_present,NONVAC,,False,D-002;T-501,T1_supporting_record_assumption,T-501,assumptions,Einstein-Maxwell-(real)-scalar field system,f20da2dd7d3ea71eeffd98c5c64882d5f8424584b9c594e9b6a15acba3190a4f
SRC-021,SCOPE_ERROR,AF-SCC-C0-VAC-GEN,SCOPE_ERROR,matter_present,NONVAC,,False,D-002;T-501,T1_supporting_record_assumption,T-501,assumptions,Price-law decay of the data on the outgoing characteristic (widely believed for collapse from AF data); with Dafermos-Rodnianski the result applies to compactly supported scalar hair,a2de2330678e2dd8a2b52f17a775ec70d8688e08c5902b094de83177bdabf6a1
SRC-021,SCOPE_ERROR,AF-SCC-C0-VAC-GEN,SCOPE_ERROR,matter_present,NONVAC,,False,D-002;T-501,T2_row_own_title,SRC-021,title,The interior of charged black holes and the problem of uniqueness in general relativity,ecdc576f34a25cd79f2e0429a50c522e58a692582f7bc92db00f9f0f83788bcb
SRC-021,SCOPE_ERROR,AF-SCC-C0-VAC-GEN,SCOPE_ERROR,matter_present,NONVAC,,False,D-002;T-501,T3_supporting_record_caveat,T-501,scope_caveats,"Matter model is EM-scalar, not vacuum.",ff5aa5830cafa4454f3e08713d2ada18eb0a9c3f125186023dbae1b85a60af1c
SRC-021,SCOPE_ERROR,AF-SCC-C0-VAC-GEN,SCOPE_ERROR,matter_present,NONVAC,,False,D-002;T-501,T3_supporting_record_caveat,T-501,scope_caveats,This is the canonical result behind the statement 'C^0 SCC fails for charged spherical collapse'.,05472b35eee82be3e5d881c433597abfe268cbb135d8e13b41cb00018f1ac64f
SRC-022,LICENSED,AF-SCC-C0-VAC-GEN,LICENSED,vacuum_model,VAC,,False,T-303;T-402,T1_supporting_record_assumption,T-303,assumptions,"Einstein vacuum equations, no symmetry",a2eeda468dcf288e38249b56dd931e177c32fb4c9cc0cf93d166011dadc65598
SRC-022,LICENSED,AF-SCC-C0-VAC-GEN,LICENSED,vacuum_model,VAC,,False,T-303;T-402,T2_row_own_evidence_excerpt,SRC-022,evidence_excerpt,AMS abstract: 'We construct a class of spacetimes (without symmetry assumptions) satisfying the vacuum Einstein equations with singular boundaries on two null hypersurfaces intersecting in the future on a 2-sphere.,b4dcdd8c0bf55d133cb46f33f99223c5c5b6375ba3bf14d5f12a13a5d0da5d80
SRC-022,LICENSED,AF-SCC-C2-VAC-GEN,LICENSED,vacuum_model,VAC,,False,T-303;T-401;T-402,T1_supporting_record_assumption,T-303,assumptions,"Einstein vacuum equations, no symmetry",a2eeda468dcf288e38249b56dd931e177c32fb4c9cc0cf93d166011dadc65598
SRC-022,LICENSED,AF-SCC-C2-VAC-GEN,LICENSED,vacuum_model,VAC,,False,T-303;T-401;T-402,T2_row_own_evidence_excerpt,SRC-022,evidence_excerpt,AMS abstract: 'We construct a class of spacetimes (without symmetry assumptions) satisfying the vacuum Einstein equations with singular boundaries on two null hypersurfaces intersecting in the future on a 2-sphere.,b4dcdd8c0bf55d133cb46f33f99223c5c5b6375ba3bf14d5f12a13a5d0da5d80
SRC-024,SCOPE_ERROR,AF-SCC-C0-VAC-GEN,SCOPE_ERROR,matter_present,NONVAC,,False,D-005,T2_row_own_evidence_excerpt,SRC-024,evidence_excerpt,Our theorem does not presuppose the mass-inflation scenario and in particular applies to the Reissner-Nordstrom-Vaidya spacetimes as well as to spacetimes which arise from small and generic spherically symmetric perturbations of two-ended subextremal Reissner-Nordstrom initial data for the Einstein-Maxwell-scalar field system.,e100124f8d4e1130cff81f9fc26016a83ed1ade0d4e54a4441345f56333f9d16
SRC-024,SCOPE_ERROR,AF-SCC-C0-VAC-GEN,SCOPE_ERROR,matter_present,NONVAC,,False,D-005,T2_row_own_evidence_excerpt,SRC-024,evidence_excerpt,Our theorem does not presuppose the mass-inflation scenario and in particular applies to the Reissner-Nordstrom-Vaidya spacetimes as well as to spacetimes which arise from small and generic spherically symmetric perturbations of two-ended subextremal Reissner-Nordstrom initial data for the Einstein-Maxwell-scalar field system.,e100124f8d4e1130cff81f9fc26016a83ed1ade0d4e54a4441345f56333f9d16
SRC-024,SCOPE_ERROR,AF-SCC-C0-VAC-GEN,SCOPE_ERROR,matter_present,NONVAC,,False,D-005,T2_row_own_evidence_excerpt,SRC-024,evidence_excerpt,Our theorem does not presuppose the mass-inflation scenario and in particular applies to the Reissner-Nordstrom-Vaidya spacetimes as well as to spacetimes which arise from small and generic spherically symmetric perturbations of two-ended subextremal Reissner-Nordstrom initial data for the Einstein-Maxwell-scalar field system.,e100124f8d4e1130cff81f9fc26016a83ed1ade0d4e54a4441345f56333f9d16
SRC-024,SCOPE_ERROR,AF-SCC-C0-VAC-GEN,SCOPE_ERROR,matter_present,NONVAC,,False,D-005,T2_row_own_evidence_excerpt,SRC-024,evidence_excerpt,Our theorem does not presuppose the mass-inflation scenario and in particular applies to the Reissner-Nordstrom-Vaidya spacetimes as well as to spacetimes which arise from small and generic spherically symmetric perturbations of two-ended subextremal Reissner-Nordstrom initial data for the Einstein-Maxwell-scalar field system.,e100124f8d4e1130cff81f9fc26016a83ed1ade0d4e54a4441345f56333f9d16
SRC-024,SCOPE_ERROR,AF-SCC-C0-VAC-GEN,SCOPE_ERROR,matter_present,NONVAC,,False,D-005,T2_row_own_evidence_excerpt,SRC-024,evidence_excerpt,Our theorem does not presuppose the mass-inflation scenario and in particular applies to the Reissner-Nordstrom-Vaidya spacetimes as well as to spacetimes which arise from small and generic spherically symmetric perturbations of two-ended subextremal Reissner-Nordstrom initial data for the Einstein-Maxwell-scalar field system.,e100124f8d4e1130cff81f9fc26016a83ed1ade0d4e54a4441345f56333f9d16
SRC-024,SCOPE_ERROR,AF-SCC-C0-VAC-GEN,SCOPE_ERROR,matter_present,NONVAC,,False,D-005,T2_row_own_evidence_excerpt,SRC-024,evidence_excerpt,Our theorem does not presuppose the mass-inflation scenario and in particular applies to the Reissner-Nordstrom-Vaidya spacetimes as well as to spacetimes which arise from small and generic spherically symmetric perturbations of two-ended subextremal Reissner-Nordstrom initial data for the Einstein-Maxwell-scalar field system.,e100124f8d4e1130cff81f9fc26016a83ed1ade0d4e54a4441345f56333f9d16
SRC-024,SCOPE_ERROR,AF-SCC-C0-VAC-GEN,SCOPE_ERROR,matter_present,NONVAC,,False,D-005,T2_row_own_evidence_excerpt,SRC-024,evidence_excerpt,Our theorem does not presuppose the mass-inflation scenario and in particular applies to the Reissner-Nordstrom-Vaidya spacetimes as well as to spacetimes which arise from small and generic spherically symmetric perturbations of two-ended subextremal Reissner-Nordstrom initial data for the Einstein-Maxwell-scalar field system.,e100124f8d4e1130cff81f9fc26016a83ed1ade0d4e54a4441345f56333f9d16
SRC-024,SCOPE_ERROR,AF-SCC-C2-VAC-GEN,SCOPE_ERROR,matter_present,NONVAC,,False,D-003;D-005;T-304;T-506,T1_supporting_record_assumption,T-506,assumptions,Applies to the stated RN-Vaidya and perturbed RN classes,0add1b0da0cef696e2e0416063bed703f34f353d7cedd227e7d1362c1516dcc5
SRC-024,SCOPE_ERROR,AF-SCC-C2-VAC-GEN,SCOPE_ERROR,matter_present,NONVAC,,False,D-003;D-005;T-304;T-506,T2_row_own_evidence_excerpt,SRC-024,evidence_excerpt,Our theorem does not presuppose the mass-inflation scenario and in particular applies to the Reissner-Nordstrom-Vaidya spacetimes as well as to spacetimes which arise from small and generic spherically symmetric perturbations of two-ended subextremal Reissner-Nordstrom initial data for the Einstein-Maxwell-scalar field system.,e100124f8d4e1130cff81f9fc26016a83ed1ade0d4e54a4441345f56333f9d16
SRC-024,SCOPE_ERROR,AF-SCC-C2-VAC-GEN,SCOPE_ERROR,matter_present,NONVAC,,False,D-003;D-005;T-304;T-506,T2_row_own_evidence_excerpt,SRC-024,evidence_excerpt,Our theorem does not presuppose the mass-inflation scenario and in particular applies to the Reissner-Nordstrom-Vaidya spacetimes as well as to spacetimes which arise from small and generic spherically symmetric perturbations of two-ended subextremal Reissner-Nordstrom initial data for the Einstein-Maxwell-scalar field system.,e100124f8d4e1130cff81f9fc26016a83ed1ade0d4e54a4441345f56333f9d16
SRC-024,SCOPE_ERROR,AF-SCC-C2-VAC-GEN,SCOPE_ERROR,matter_present,NONVAC,,False,D-003;D-005;T-304;T-506,T2_row_own_evidence_excerpt,SRC-024,evidence_excerpt,Our theorem does not presuppose the mass-inflation scenario and in particular applies to the Reissner-Nordstrom-Vaidya spacetimes as well as to spacetimes which arise from small and generic spherically symmetric perturbations of two-ended subextremal Reissner-Nordstrom initial data for the Einstein-Maxwell-scalar field system.,e100124f8d4e1130cff81f9fc26016a83ed1ade0d4e54a4441345f56333f9d16
SRC-024,SCOPE_ERROR,AF-SCC-C2-VAC-GEN,SCOPE_ERROR,matter_present,NONVAC,,False,D-003;D-005;T-304;T-506,T2_row_own_evidence_excerpt,SRC-024,evidence_excerpt,Our theorem does not presuppose the mass-inflation scenario and in particular applies to the Reissner-Nordstrom-Vaidya spacetimes as well as to spacetimes which arise from small and generic spherically symmetric perturbations of two-ended subextremal Reissner-Nordstrom initial data for the Einstein-Maxwell-scalar field system.,e100124f8d4e1130cff81f9fc26016a83ed1ade0d4e54a4441345f56333f9d16
SRC-024,SCOPE_ERROR,AF-SCC-C2-VAC-GEN,SCOPE_ERROR,matter_present,NONVAC,,False,D-003;D-005;T-304;T-506,T2_row_own_evidence_excerpt,SRC-024,evidence_excerpt,Our theorem does not presuppose the mass-inflation scenario and in particular applies to the Reissner-Nordstrom-Vaidya spacetimes as well as to spacetimes which arise from small and generic spherically symmetric perturbations of two-ended subextremal Reissner-Nordstrom initial data for the Einstein-Maxwell-scalar field system.,e100124f8d4e1130cff81f9fc26016a83ed1ade0d4e54a4441345f56333f9d16
SRC-024,SCOPE_ERROR,AF-SCC-C2-VAC-GEN,SCOPE_ERROR,matter_present,NONVAC,,False,D-003;D-005;T-304;T-506,T2_row_own_evidence_excerpt,SRC-024,evidence_excerpt,Our theorem does not presuppose the mass-inflation scenario and in particular applies to the Reissner-Nordstrom-Vaidya spacetimes as well as to spacetimes which arise from small and generic spherically symmetric perturbations of two-ended subextremal Reissner-Nordstrom initial data for the Einstein-Maxwell-scalar field system.,e100124f8d4e1130cff81f9fc26016a83ed1ade0d4e54a4441345f56333f9d16
SRC-024,SCOPE_ERROR,AF-SCC-C2-VAC-GEN,SCOPE_ERROR,matter_present,NONVAC,,False,D-003;D-005;T-304;T-506,T2_row_own_evidence_excerpt,SRC-024,evidence_excerpt,Our theorem does not presuppose the mass-inflation scenario and in particular applies to the Reissner-Nordstrom-Vaidya spacetimes as well as to spacetimes which arise from small and generic spherically symmetric perturbations of two-ended subextremal Reissner-Nordstrom initial data for the Einstein-Maxwell-scalar field system.,e100124f8d4e1130cff81f9fc26016a83ed1ade0d4e54a4441345f56333f9d16
SRC-024,SCOPE_ERROR,AF-SCC-C2-VAC-GEN,SCOPE_ERROR,matter_present,NONVAC,,False,D-003;D-005;T-304;T-506,T3_supporting_record_caveat,T-304,scope_caveats,"Matter model is EM-scalar, not vacuum.",ff5aa5830cafa4454f3e08713d2ada18eb0a9c3f125186023dbae1b85a60af1c
SRC-024,SCOPE_ERROR,AF-SCC-C2-VAC-GEN,SCOPE_ERROR,matter_present,NONVAC,,False,D-003;D-005;T-304;T-506,T3_supporting_record_caveat,T-506,scope_caveats,Matter model EM-scalar for the perturbation class.,dfc991afb09dee00d94fe4271d0deff2b651b0e7f7efa20814aa6320de6f8514
SRC-025,SCOPE_ERROR,AF-SCC-C2-VAC-GEN,SCOPE_ERROR,matter_present,NONVAC,,False,D-003;T-505,T1_supporting_record_assumption,T-505,assumptions,Einstein-Maxwell-Klein-Gordon (charged scalar),795f9bc267ca5f4000c509c0bba833189e4c6e7767116c87def840489eb679c9
SRC-025,SCOPE_ERROR,AF-SCC-C2-VAC-GEN,SCOPE_ERROR,matter_present,NONVAC,,False,D-003;T-505,T1_supporting_record_assumption,T-505,assumptions,Einstein-Maxwell-Klein-Gordon (charged scalar),795f9bc267ca5f4000c509c0bba833189e4c6e7767116c87def840489eb679c9
SRC-025,SCOPE_ERROR,AF-SCC-C2-VAC-GEN,SCOPE_ERROR,matter_present,NONVAC,,False,D-003;T-505,T1_supporting_record_assumption,T-505,assumptions,Einstein-Maxwell-Klein-Gordon (charged scalar),795f9bc267ca5f4000c509c0bba833189e4c6e7767116c87def840489eb679c9
SRC-025,SCOPE_ERROR,AF-SCC-C2-VAC-GEN,SCOPE_ERROR,matter_present,NONVAC,,False,D-003;T-505,T1_supporting_record_assumption,T-505,assumptions,Einstein-Maxwell-Klein-Gordon (charged scalar),795f9bc267ca5f4000c509c0bba833189e4c6e7767116c87def840489eb679c9
SRC-025,SCOPE_ERROR,AF-SCC-C2-VAC-GEN,SCOPE_ERROR,matter_present,NONVAC,,False,D-003;T-505,T1_supporting_record_assumption,T-505,assumptions,Assumption: sufficiently slow decay of the charged scalar field on the event horizon (expected rate),1d9ab2295a5448534a4e97d8c3d10248c3b8d86755be6d44347b86bb70390f98
SRC-025,SCOPE_ERROR,AF-SCC-C2-VAC-GEN,SCOPE_ERROR,matter_present,NONVAC,,False,D-003;T-505,T1_supporting_record_assumption,T-505,assumptions,Assumption: sufficiently slow decay of the charged scalar field on the event horizon (expected rate),1d9ab2295a5448534a4e97d8c3d10248c3b8d86755be6d44347b86bb70390f98
SRC-025,SCOPE_ERROR,AF-SCC-C2-VAC-GEN,SCOPE_ERROR,matter_present,NONVAC,,False,D-003;T-505,T2_row_own_title,SRC-025,title,Mass inflation and the C^2-inextendibility of spherically symmetric charged scalar field dynamical black holes,55829eca117e917896df4ef23163c4dc0fd03de477ae0a3dd67f45a49ecffa4e
SRC-025,SCOPE_ERROR,AF-SCC-C2-VAC-GEN,SCOPE_ERROR,matter_present,NONVAC,,False,D-003;T-505,T2_row_own_title,SRC-025,title,Mass inflation and the C^2-inextendibility of spherically symmetric charged scalar field dynamical black holes,55829eca117e917896df4ef23163c4dc0fd03de477ae0a3dd67f45a49ecffa4e
SRC-025,SCOPE_ERROR,AF-SCC-C2-VAC-GEN,SCOPE_ERROR,matter_present,NONVAC,,False,D-003;T-505,T2_row_own_evidence_excerpt,SRC-025,evidence_excerpt,"More precisely, we prove assuming (sufficiently slow) decay of the charged scalar field on the event horizon, that the Cauchy horizon emanating from time-like infinity is CH_{i+} = D union S for two (possibly empty) disjoint connected sets D and S such that: D (the dynamical set) is a past set on which the Hawking mass blows up (mass inflation scenario).",ec37f761e77fd25129b74be820b470b164af4ab3e625f20c9cfd0c5bb691e50e
SRC-025,SCOPE_ERROR,AF-SCC-C2-VAC-GEN,SCOPE_ERROR,matter_present,NONVAC,,False,D-003;T-505,T2_row_own_evidence_excerpt,SRC-025,evidence_excerpt,"More precisely, we prove assuming (sufficiently slow) decay of the charged scalar field on the event horizon, that the Cauchy horizon emanating from time-like infinity is CH_{i+} = D union S for two (possibly empty) disjoint connected sets D and S such that: D (the dynamical set) is a past set on which the Hawking mass blows up (mass inflation scenario).",ec37f761e77fd25129b74be820b470b164af4ab3e625f20c9cfd0c5bb691e50e
SRC-025,SCOPE_ERROR,AF-SCC-C2-VAC-GEN,SCOPE_ERROR,matter_present,NONVAC,,False,D-003;T-505,T2_row_own_evidence_excerpt,SRC-025,evidence_excerpt,S (the static set) is a future set isometric to a Reissner-Nordstrom Cauchy horizon ...,2a9a5fbe4f74a21be5459f682c4b453a5f5bfd1951b8d92c8cbdbb7353fb75dd
SRC-025,SCOPE_ERROR,AF-SCC-C2-VAC-GEN,SCOPE_ERROR,matter_present,NONVAC,,False,D-003;T-505,T2_row_own_evidence_excerpt,SRC-025,evidence_excerpt,S (the static set) is a future set isometric to a Reissner-Nordstrom Cauchy horizon ...,2a9a5fbe4f74a21be5459f682c4b453a5f5bfd1951b8d92c8cbdbb7353fb75dd
SRC-029,SCOPE_ERROR,AF-SCC-C0-VAC-GEN,SCOPE_ERROR,lambda_nonzero,NONVAC,NONZERO,False,D-004,T2_row_own_title,SRC-029,title,On the occurrence of mass inflation for the Einstein-Maxwell-scalar field system with a cosmological constant and an exponential Price law,9b8ce9523892b0598a023cba9307eef13d552a373bffa83352fc9b3fe271bd76
SRC-029,SCOPE_ERROR,AF-SCC-C0-VAC-GEN,SCOPE_ERROR,lambda_nonzero,NONVAC,NONZERO,False,D-004,T2_row_own_title,SRC-029,title,On the occurrence of mass inflation for the Einstein-Maxwell-scalar field system with a cosmological constant and an exponential Price law,9b8ce9523892b0598a023cba9307eef13d552a373bffa83352fc9b3fe271bd76
SRC-029,SCOPE_ERROR,AF-SCC-C0-VAC-GEN,SCOPE_ERROR,lambda_nonzero,NONVAC,NONZERO,False,D-004,T2_row_own_evidence_excerpt,SRC-029,evidence_excerpt,"Abstract: 'More precisely, we construct open sets of characteristic data which, on the outgoing initial null hypersurface (taken to be the event horizon), converges exponentially to a reference Reissner-Nordstrom black hole at infinity.",c12d2c1803e4a118c6aba80d2d6c6cbbb30ae673c88c620872361deabe9f6866
SRC-029,SCOPE_ERROR,AF-SCC-C0-VAC-GEN,SCOPE_ERROR,lambda_nonzero,NONVAC,NONZERO,False,D-004,T2_row_own_evidence_excerpt,SRC-029,evidence_excerpt,"Abstract: 'More precisely, we construct open sets of characteristic data which, on the outgoing initial null hypersurface (taken to be the event horizon), converges exponentially to a reference Reissner-Nordstrom black hole at infinity.",c12d2c1803e4a118c6aba80d2d6c6cbbb30ae673c88c620872361deabe9f6866
SRC-029,SCOPE_ERROR,AF-SCC-C2-VAC-GEN,SCOPE_ERROR,lambda_nonzero,NONVAC,NONZERO,False,D-004,T2_row_own_title,SRC-029,title,On the occurrence of mass inflation for the Einstein-Maxwell-scalar field system with a cosmological constant and an exponential Price law,9b8ce9523892b0598a023cba9307eef13d552a373bffa83352fc9b3fe271bd76
SRC-029,SCOPE_ERROR,AF-SCC-C2-VAC-GEN,SCOPE_ERROR,lambda_nonzero,NONVAC,NONZERO,False,D-004,T2_row_own_title,SRC-029,title,On the occurrence of mass inflation for the Einstein-Maxwell-scalar field system with a cosmological constant and an exponential Price law,9b8ce9523892b0598a023cba9307eef13d552a373bffa83352fc9b3fe271bd76
SRC-029,SCOPE_ERROR,AF-SCC-C2-VAC-GEN,SCOPE_ERROR,lambda_nonzero,NONVAC,NONZERO,False,D-004,T2_row_own_evidence_excerpt,SRC-029,evidence_excerpt,"Abstract: 'More precisely, we construct open sets of characteristic data which, on the outgoing initial null hypersurface (taken to be the event horizon), converges exponentially to a reference Reissner-Nordstrom black hole at infinity.",c12d2c1803e4a118c6aba80d2d6c6cbbb30ae673c88c620872361deabe9f6866
SRC-029,SCOPE_ERROR,AF-SCC-C2-VAC-GEN,SCOPE_ERROR,lambda_nonzero,NONVAC,NONZERO,False,D-004,T2_row_own_evidence_excerpt,SRC-029,evidence_excerpt,"Abstract: 'More precisely, we construct open sets of characteristic data which, on the outgoing initial null hypersurface (taken to be the event horizon), converges exponentially to a reference Reissner-Nordstrom black hole at infinity.",c12d2c1803e4a118c6aba80d2d6c6cbbb30ae673c88c620872361deabe9f6866
SRC-033,SCOPE_ERROR,AF-SCC-C2-VAC-GEN,SCOPE_ERROR,lambda_nonzero,NONVAC,NONZERO,False,D-007,T1_supporting_record_assumption,D-007,assumptions,Einstein-Maxwell-real-scalar system in spherical symmetry,ada628e397394925199c491a6f1d37d7b5f90e5fc22b3e3ca7b1b2d10c9d23ec
SRC-033,SCOPE_ERROR,AF-SCC-C2-VAC-GEN,SCOPE_ERROR,lambda_nonzero,NONVAC,NONZERO,False,D-007,T1_supporting_record_assumption,D-007,assumptions,Einstein-Maxwell-real-scalar system in spherical symmetry,ada628e397394925199c491a6f1d37d7b5f90e5fc22b3e3ca7b1b2d10c9d23ec
SRC-033,SCOPE_ERROR,AF-SCC-C2-VAC-GEN,SCOPE_ERROR,lambda_nonzero,NONVAC,NONZERO,False,D-007,T2_row_own_title,SRC-033,title,Rough initial data and the strength of the blue-shift instability on cosmological black holes with Lambda > 0,3380263e9d84a9985b909f3f2d826a8f32655805582038a30ee10a0c066acc20
SRC-033,SCOPE_ERROR,AF-SCC-C2-VAC-GEN,SCOPE_ERROR,lambda_nonzero,NONVAC,NONZERO,False,D-007,T3_supporting_record_caveat,D-007,scope_caveats,"Other works use: 'open set' (Christodoulou 1984 dust; Klainerman-Rodnianski 2012), 'open and dense' informally, 'positive probability' (Christodoulou 1999 abstract), 'generic data in an allowed rough class' (Dafermos-Shlapentokh-Rothman 2018), or leave it implicit.",7fefde9ee59f47ce41dc0c84a119181888d241650c3d8fb20ce98f63edc9cefa
SRC-035,SCOPE_ERROR,AF-SCC-C0-VAC-GEN,SCOPE_ERROR,lambda_nonzero,VAC,NONZERO,False,T-515,T2_row_own_title,SRC-035,title,The global non-linear stability of the Kerr-de Sitter family of black holes,3b2df4e2062da8b9cc965d00c5131c6835ab01661c913f37ea3e7933017b5817
SRC-035,SCOPE_ERROR,AF-SCC-C0-VAC-GEN,SCOPE_ERROR,lambda_nonzero,VAC,NONZERO,False,T-515,T2_row_own_evidence_excerpt,SRC-035,evidence_excerpt,"International Press abstract: 'We establish the full global non-linear stability of the Kerr-de Sitter family of black holes, as solutions of the initial value problem for the Einstein vacuum equations with positive cosmological constant, for small angular momenta, and without any symmetry assumptions on the initial data.'",2348e1157188b658bd176ed495403e5d9a9499e21b0336e0ebb5649c7217b1bb
SRC-037,LICENSED,AF-SCC-C0-VAC-GEN,LICENSED,vacuum_model,VAC,,False,T-301,T1_supporting_record_assumption,T-301,assumptions,"Einstein vacuum equations, no symmetry",a2eeda468dcf288e38249b56dd931e177c32fb4c9cc0cf93d166011dadc65598
SRC-037,LICENSED,AF-SCC-C0-VAC-GEN,LICENSED,vacuum_model,VAC,,False,T-301,T2_row_own_evidence_excerpt,SRC-037,evidence_excerpt,"Abstract: 'We prove the non-linear asymptotic stability of the Schwarzschild family as solutions to the Einstein vacuum equations in the exterior of the black hole region: general vacuum initial data, with no symmetry assumed, sufficiently close to Schwarzschild data evolve to a vacuum spacetime which (i) possesses a complete future null infinity I+ (whose past J-(I+) is moreover bounded by a regular future complete event horizon H+), (ii) remains close to Schwarzschild in its exterior, and (iii) asymptotes back to a member of the Schwarzschild family ...",de8e58b9b04b2df351d9821f9e5a5443cfec62e4015adac12b3c270f50e2ec49
SRC-037,LICENSED,AF-SCC-C0-VAC-GEN,LICENSED,vacuum_model,VAC,,False,T-301,T2_row_own_evidence_excerpt,SRC-037,evidence_excerpt,"Abstract: 'We prove the non-linear asymptotic stability of the Schwarzschild family as solutions to the Einstein vacuum equations in the exterior of the black hole region: general vacuum initial data, with no symmetry assumed, sufficiently close to Schwarzschild data evolve to a vacuum spacetime which (i) possesses a complete future null infinity I+ (whose past J-(I+) is moreover bounded by a regular future complete event horizon H+), (ii) remains close to Schwarzschild in its exterior, and (iii) asymptotes back to a member of the Schwarzschild family ...",de8e58b9b04b2df351d9821f9e5a5443cfec62e4015adac12b3c270f50e2ec49
SRC-040,LICENSED,AF-SCC-C0-VAC-GEN,LICENSED,vacuum_model,VAC,,False,T-301;T-305;T-515;T-528,T1_supporting_record_assumption,T-301,assumptions,"Einstein vacuum equations, no symmetry",a2eeda468dcf288e38249b56dd931e177c32fb4c9cc0cf93d166011dadc65598
SRC-040,LICENSED,AF-SCC-C0-VAC-GEN,LICENSED,vacuum_model,VAC,,False,T-301;T-305;T-515;T-528,T1_supporting_record_assumption,T-305,assumptions,"Einstein vacuum equations, no symmetry",a2eeda468dcf288e38249b56dd931e177c32fb4c9cc0cf93d166011dadc65598
SRC-040,LICENSED,AF-SCC-C0-VAC-GEN,LICENSED,vacuum_model,VAC,,False,T-301;T-305;T-515;T-528,T1_supporting_record_assumption,T-528,assumptions,Einstein vacuum equations,4abe8dbb1193b6925e95085696fc73157e6162d4ff2edb4158a324a35d5aaca7
SRC-040,LICENSED,AF-SCC-C2-VAC-GEN,LICENSED,vacuum_model,VAC,,False,T-305,T1_supporting_record_assumption,T-305,assumptions,"Einstein vacuum equations, no symmetry",a2eeda468dcf288e38249b56dd931e177c32fb4c9cc0cf93d166011dadc65598
SRC-047,LICENSED,AF-SCC-C0-VAC-GEN,LICENSED,vacuum_model,VAC,,False,D-005;T-305,T1_supporting_record_assumption,T-305,assumptions,"Einstein vacuum equations, no symmetry",a2eeda468dcf288e38249b56dd931e177c32fb4c9cc0cf93d166011dadc65598
SRC-047,LICENSED,AF-SCC-C0-VAC-GEN,LICENSED,vacuum_model,VAC,,False,D-005;T-305,T2_row_own_evidence_excerpt,SRC-047,evidence_excerpt,"Abstract: 'We consider solutions of the Einstein vacuum equations which arise from smooth initial data on a hypersurface slightly inside a dynamical black hole settling down to a subextremal Kerr black hole, and satisfying a precise non-linear Price's law-type estimate (which we expect to hold generically).",7187eed1edf3ff05c90e28c477a589f079bb058863c4f89bfe6fb9c2445e73d2
SRC-047,LICENSED,AF-SCC-C2-VAC-GEN,LICENSED,vacuum_model,VAC,,False,D-005;T-305;T-401,T1_supporting_record_assumption,T-305,assumptions,"Einstein vacuum equations, no symmetry",a2eeda468dcf288e38249b56dd931e177c32fb4c9cc0cf93d166011dadc65598
SRC-047,LICENSED,AF-SCC-C2-VAC-GEN,LICENSED,vacuum_model,VAC,,False,D-005;T-305;T-401,T2_row_own_evidence_excerpt,SRC-047,evidence_excerpt,"Abstract: 'We consider solutions of the Einstein vacuum equations which arise from smooth initial data on a hypersurface slightly inside a dynamical black hole settling down to a subextremal Kerr black hole, and satisfying a precise non-linear Price's law-type estimate (which we expect to hold generically).",7187eed1edf3ff05c90e28c477a589f079bb058863c4f89bfe6fb9c2445e73d2
SRC-048,SCOPE_ERROR,AF-SCC-C0-VAC-GEN,SCOPE_ERROR,matter_present,NONVAC,,False,D-005,T2_row_own_evidence_excerpt,SRC-048,evidence_excerpt,In particular we show that these assumptions are satisfied by the Reissner-Nordstrom-Vaidya spacetime as well as by a class of spacetimes arising from small and generic spherically symmetric perturbations of subextremal Reissner-Nordstrom under the Einstein-Maxwell-scalar field system.',a655a5792fe737444e08dd9d5434e7de77289ed455ab40204f9d686ac7946d27
SRC-048,SCOPE_ERROR,AF-SCC-C0-VAC-GEN,SCOPE_ERROR,matter_present,NONVAC,,False,D-005,T2_row_own_evidence_excerpt,SRC-048,evidence_excerpt,In particular we show that these assumptions are satisfied by the Reissner-Nordstrom-Vaidya spacetime as well as by a class of spacetimes arising from small and generic spherically symmetric perturbations of subextremal Reissner-Nordstrom under the Einstein-Maxwell-scalar field system.',a655a5792fe737444e08dd9d5434e7de77289ed455ab40204f9d686ac7946d27
SRC-048,SCOPE_ERROR,AF-SCC-C0-VAC-GEN,SCOPE_ERROR,matter_present,NONVAC,,False,D-005,T2_row_own_evidence_excerpt,SRC-048,evidence_excerpt,In particular we show that these assumptions are satisfied by the Reissner-Nordstrom-Vaidya spacetime as well as by a class of spacetimes arising from small and generic spherically symmetric perturbations of subextremal Reissner-Nordstrom under the Einstein-Maxwell-scalar field system.',a655a5792fe737444e08dd9d5434e7de77289ed455ab40204f9d686ac7946d27
SRC-048,SCOPE_ERROR,AF-SCC-C0-VAC-GEN,SCOPE_ERROR,matter_present,NONVAC,,False,D-005,T2_row_own_evidence_excerpt,SRC-048,evidence_excerpt,In particular we show that these assumptions are satisfied by the Reissner-Nordstrom-Vaidya spacetime as well as by a class of spacetimes arising from small and generic spherically symmetric perturbations of subextremal Reissner-Nordstrom under the Einstein-Maxwell-scalar field system.',a655a5792fe737444e08dd9d5434e7de77289ed455ab40204f9d686ac7946d27
SRC-048,SCOPE_ERROR,AF-SCC-C0-VAC-GEN,SCOPE_ERROR,matter_present,NONVAC,,False,D-005,T2_row_own_evidence_excerpt,SRC-048,evidence_excerpt,In particular we show that these assumptions are satisfied by the Reissner-Nordstrom-Vaidya spacetime as well as by a class of spacetimes arising from small and generic spherically symmetric perturbations of subextremal Reissner-Nordstrom under the Einstein-Maxwell-scalar field system.',a655a5792fe737444e08dd9d5434e7de77289ed455ab40204f9d686ac7946d27
SRC-048,SCOPE_ERROR,AF-SCC-C0-VAC-GEN,SCOPE_ERROR,matter_present,NONVAC,,False,D-005,T2_row_own_evidence_excerpt,SRC-048,evidence_excerpt,In particular we show that these assumptions are satisfied by the Reissner-Nordstrom-Vaidya spacetime as well as by a class of spacetimes arising from small and generic spherically symmetric perturbations of subextremal Reissner-Nordstrom under the Einstein-Maxwell-scalar field system.',a655a5792fe737444e08dd9d5434e7de77289ed455ab40204f9d686ac7946d27
SRC-048,SCOPE_ERROR,AF-SCC-C0-VAC-GEN,SCOPE_ERROR,matter_present,NONVAC,,False,D-005,T2_row_own_evidence_excerpt,SRC-048,evidence_excerpt,In particular we show that these assumptions are satisfied by the Reissner-Nordstrom-Vaidya spacetime as well as by a class of spacetimes arising from small and generic spherically symmetric perturbations of subextremal Reissner-Nordstrom under the Einstein-Maxwell-scalar field system.',a655a5792fe737444e08dd9d5434e7de77289ed455ab40204f9d686ac7946d27
SRC-048,SCOPE_ERROR,AF-SCC-C2-VAC-GEN,SCOPE_ERROR,matter_present,NONVAC,,False,D-005;T-304,T2_row_own_evidence_excerpt,SRC-048,evidence_excerpt,In particular we show that these assumptions are satisfied by the Reissner-Nordstrom-Vaidya spacetime as well as by a class of spacetimes arising from small and generic spherically symmetric perturbations of subextremal Reissner-Nordstrom under the Einstein-Maxwell-scalar field system.',a655a5792fe737444e08dd9d5434e7de77289ed455ab40204f9d686ac7946d27
SRC-048,SCOPE_ERROR,AF-SCC-C2-VAC-GEN,SCOPE_ERROR,matter_present,NONVAC,,False,D-005;T-304,T2_row_own_evidence_excerpt,SRC-048,evidence_excerpt,In particular we show that these assumptions are satisfied by the Reissner-Nordstrom-Vaidya spacetime as well as by a class of spacetimes arising from small and generic spherically symmetric perturbations of subextremal Reissner-Nordstrom under the Einstein-Maxwell-scalar field system.',a655a5792fe737444e08dd9d5434e7de77289ed455ab40204f9d686ac7946d27
SRC-048,SCOPE_ERROR,AF-SCC-C2-VAC-GEN,SCOPE_ERROR,matter_present,NONVAC,,False,D-005;T-304,T2_row_own_evidence_excerpt,SRC-048,evidence_excerpt,In particular we show that these assumptions are satisfied by the Reissner-Nordstrom-Vaidya spacetime as well as by a class of spacetimes arising from small and generic spherically symmetric perturbations of subextremal Reissner-Nordstrom under the Einstein-Maxwell-scalar field system.',a655a5792fe737444e08dd9d5434e7de77289ed455ab40204f9d686ac7946d27
SRC-048,SCOPE_ERROR,AF-SCC-C2-VAC-GEN,SCOPE_ERROR,matter_present,NONVAC,,False,D-005;T-304,T2_row_own_evidence_excerpt,SRC-048,evidence_excerpt,In particular we show that these assumptions are satisfied by the Reissner-Nordstrom-Vaidya spacetime as well as by a class of spacetimes arising from small and generic spherically symmetric perturbations of subextremal Reissner-Nordstrom under the Einstein-Maxwell-scalar field system.',a655a5792fe737444e08dd9d5434e7de77289ed455ab40204f9d686ac7946d27
SRC-048,SCOPE_ERROR,AF-SCC-C2-VAC-GEN,SCOPE_ERROR,matter_present,NONVAC,,False,D-005;T-304,T2_row_own_evidence_excerpt,SRC-048,evidence_excerpt,In particular we show that these assumptions are satisfied by the Reissner-Nordstrom-Vaidya spacetime as well as by a class of spacetimes arising from small and generic spherically symmetric perturbations of subextremal Reissner-Nordstrom under the Einstein-Maxwell-scalar field system.',a655a5792fe737444e08dd9d5434e7de77289ed455ab40204f9d686ac7946d27
SRC-048,SCOPE_ERROR,AF-SCC-C2-VAC-GEN,SCOPE_ERROR,matter_present,NONVAC,,False,D-005;T-304,T2_row_own_evidence_excerpt,SRC-048,evidence_excerpt,In particular we show that these assumptions are satisfied by the Reissner-Nordstrom-Vaidya spacetime as well as by a class of spacetimes arising from small and generic spherically symmetric perturbations of subextremal Reissner-Nordstrom under the Einstein-Maxwell-scalar field system.',a655a5792fe737444e08dd9d5434e7de77289ed455ab40204f9d686ac7946d27
SRC-048,SCOPE_ERROR,AF-SCC-C2-VAC-GEN,SCOPE_ERROR,matter_present,NONVAC,,False,D-005;T-304,T2_row_own_evidence_excerpt,SRC-048,evidence_excerpt,In particular we show that these assumptions are satisfied by the Reissner-Nordstrom-Vaidya spacetime as well as by a class of spacetimes arising from small and generic spherically symmetric perturbations of subextremal Reissner-Nordstrom under the Einstein-Maxwell-scalar field system.',a655a5792fe737444e08dd9d5434e7de77289ed455ab40204f9d686ac7946d27
SRC-048,SCOPE_ERROR,AF-SCC-C2-VAC-GEN,SCOPE_ERROR,matter_present,NONVAC,,False,D-005;T-304,T3_supporting_record_caveat,T-304,scope_caveats,"Matter model is EM-scalar, not vacuum.",ff5aa5830cafa4454f3e08713d2ada18eb0a9c3f125186023dbae1b85a60af1c
SRC-050,SCOPE_ERROR,AF-SCC-C2-VAC-GEN,SCOPE_ERROR,matter_present,NONVAC,,False,D-003;T-510,T1_supporting_record_assumption,T-510,assumptions,Spherical symmetry; Einstein-Maxwell-real-scalar,4771be7168737911cdecc3ea81a5b24e937c890571089a8ceff747f0012d99f3
SRC-050,SCOPE_ERROR,AF-SCC-C2-VAC-GEN,SCOPE_ERROR,matter_present,NONVAC,,False,D-003;T-510,T1_supporting_record_assumption,T-510,assumptions,Spherical symmetry; Einstein-Maxwell-real-scalar,4771be7168737911cdecc3ea81a5b24e937c890571089a8ceff747f0012d99f3
SRC-050,SCOPE_ERROR,AF-SCC-C2-VAC-GEN,SCOPE_ERROR,matter_present,NONVAC,,False,D-003;T-510,T2_row_own_evidence_excerpt,SRC-050,evidence_excerpt,"Abstract: '...we prove a conditional mass inflation result for a nonlinear system, namely, the Einstein-Maxwell-(real)-scalar field system in spherical symmetry.",a34269852c5bbd6081ce397725252144cd254a72c98757c04fa8c62e69ef2cb1
SRC-050,SCOPE_ERROR,AF-SCC-C2-VAC-GEN,SCOPE_ERROR,matter_present,NONVAC,,False,D-003;T-510,T2_row_own_evidence_excerpt,SRC-050,evidence_excerpt,"Abstract: '...we prove a conditional mass inflation result for a nonlinear system, namely, the Einstein-Maxwell-(real)-scalar field system in spherical symmetry.",a34269852c5bbd6081ce397725252144cd254a72c98757c04fa8c62e69ef2cb1
SRC-050,SCOPE_ERROR,AF-SCC-C2-VAC-GEN,SCOPE_ERROR,matter_present,NONVAC,,False,D-003;T-510,T3_supporting_record_caveat,T-510,scope_caveats,Matter model EM-scalar; not vacuum.,e9e7fc1bfedf3ebb67990b6872775781c75f4ae198423b5769131b2ce0bef515
SRC-056,SCOPE_ERROR,AF-SCC-C0-VAC-GEN,SCOPE_ERROR,matter_present,NONVAC,,False,D-002;T-501,T1_supporting_record_assumption,T-501,assumptions,Einstein-Maxwell-(real)-scalar field system,f20da2dd7d3ea71eeffd98c5c64882d5f8424584b9c594e9b6a15acba3190a4f
SRC-056,SCOPE_ERROR,AF-SCC-C0-VAC-GEN,SCOPE_ERROR,matter_present,NONVAC,,False,D-002;T-501,T1_supporting_record_assumption,T-501,assumptions,Einstein-Maxwell-(real)-scalar field system,f20da2dd7d3ea71eeffd98c5c64882d5f8424584b9c594e9b6a15acba3190a4f
SRC-056,SCOPE_ERROR,AF-SCC-C0-VAC-GEN,SCOPE_ERROR,matter_present,NONVAC,,False,D-002;T-501,T1_supporting_record_assumption,T-501,assumptions,Price-law decay of the data on the outgoing characteristic (widely believed for collapse from AF data); with Dafermos-Rodnianski the result applies to compactly supported scalar hair,a2de2330678e2dd8a2b52f17a775ec70d8688e08c5902b094de83177bdabf6a1
SRC-056,SCOPE_ERROR,AF-SCC-C0-VAC-GEN,SCOPE_ERROR,matter_present,NONVAC,,False,D-002;T-501,T2_row_own_title,SRC-056,title,The interior of charged black holes and the problem of uniqueness in general relativity (arXiv version with journal ref),94e9fe93f780bfd3950d5eb526ab1e256f35dce380c5f338bbfcd40a693bf709
SRC-056,SCOPE_ERROR,AF-SCC-C0-VAC-GEN,SCOPE_ERROR,matter_present,NONVAC,,False,D-002;T-501,T3_supporting_record_caveat,T-501,scope_caveats,"Matter model is EM-scalar, not vacuum.",ff5aa5830cafa4454f3e08713d2ada18eb0a9c3f125186023dbae1b85a60af1c
SRC-056,SCOPE_ERROR,AF-SCC-C0-VAC-GEN,SCOPE_ERROR,matter_present,NONVAC,,False,D-002;T-501,T3_supporting_record_caveat,T-501,scope_caveats,This is the canonical result behind the statement 'C^0 SCC fails for charged spherical collapse'.,05472b35eee82be3e5d881c433597abfe268cbb135d8e13b41cb00018f1ac64f
SRC-057,SCOPE_ERROR,AF-SCC-C2-VAC-GEN,SCOPE_ERROR,matter_present,NONVAC,,False,T-510;D-007,T1_supporting_record_assumption,T-510,assumptions,Spherical symmetry; Einstein-Maxwell-real-scalar,4771be7168737911cdecc3ea81a5b24e937c890571089a8ceff747f0012d99f3
SRC-057,SCOPE_ERROR,AF-SCC-C2-VAC-GEN,SCOPE_ERROR,matter_present,NONVAC,,False,T-510;D-007,T1_supporting_record_assumption,T-510,assumptions,Spherical symmetry; Einstein-Maxwell-real-scalar,4771be7168737911cdecc3ea81a5b24e937c890571089a8ceff747f0012d99f3
SRC-057,SCOPE_ERROR,AF-SCC-C2-VAC-GEN,SCOPE_ERROR,matter_present,NONVAC,,False,T-510;D-007,T1_supporting_record_assumption,D-007,assumptions,Einstein-Maxwell-real-scalar system in spherical symmetry,ada628e397394925199c491a6f1d37d7b5f90e5fc22b3e3ca7b1b2d10c9d23ec
SRC-057,SCOPE_ERROR,AF-SCC-C2-VAC-GEN,SCOPE_ERROR,matter_present,NONVAC,,False,T-510;D-007,T1_supporting_record_assumption,D-007,assumptions,Einstein-Maxwell-real-scalar system in spherical symmetry,ada628e397394925199c491a6f1d37d7b5f90e5fc22b3e3ca7b1b2d10c9d23ec
SRC-057,SCOPE_ERROR,AF-SCC-C2-VAC-GEN,SCOPE_ERROR,matter_present,NONVAC,,False,T-510;D-007,T2_row_own_evidence_excerpt,SRC-057,evidence_excerpt,"Abstract: 'This is the first and main paper of a two-part series, in which we prove the C^2-formulation of the strong cosmic censorship conjecture for the Einstein-Maxwell-(real)-scalar-field system in spherical symmetry for two-ended asymptotically flat data.",3d02ebda823b9e4496e26061278fe46567c22f3aaaa8c33a27288dc35b310dbf
SRC-057,SCOPE_ERROR,AF-SCC-C2-VAC-GEN,SCOPE_ERROR,matter_present,NONVAC,,False,T-510;D-007,T2_row_own_evidence_excerpt,SRC-057,evidence_excerpt,"Abstract: 'This is the first and main paper of a two-part series, in which we prove the C^2-formulation of the strong cosmic censorship conjecture for the Einstein-Maxwell-(real)-scalar-field system in spherical symmetry for two-ended asymptotically flat data.",3d02ebda823b9e4496e26061278fe46567c22f3aaaa8c33a27288dc35b310dbf
SRC-057,SCOPE_ERROR,AF-SCC-C2-VAC-GEN,SCOPE_ERROR,matter_present,NONVAC,,False,T-510;D-007,T3_supporting_record_caveat,T-510,scope_caveats,Matter model EM-scalar; not vacuum.,e9e7fc1bfedf3ebb67990b6872775781c75f4ae198423b5769131b2ce0bef515
SRC-057,SCOPE_ERROR,AF-SCC-C2-VAC-GEN,SCOPE_ERROR,matter_present,NONVAC,,False,T-510;D-007,T3_supporting_record_caveat,D-007,scope_caveats,"Other works use: 'open set' (Christodoulou 1984 dust; Klainerman-Rodnianski 2012), 'open and dense' informally, 'positive probability' (Christodoulou 1999 abstract), 'generic data in an allowed rough class' (Dafermos-Shlapentokh-Rothman 2018), or leave it implicit.",7fefde9ee59f47ce41dc0c84a119181888d241650c3d8fb20ce98f63edc9cefa
SRC-058,SCOPE_ERROR,AF-SCC-C2-VAC-GEN,SCOPE_ERROR,matter_present,NONVAC,,False,T-510;D-007,T1_supporting_record_assumption,T-510,assumptions,Spherical symmetry; Einstein-Maxwell-real-scalar,4771be7168737911cdecc3ea81a5b24e937c890571089a8ceff747f0012d99f3
SRC-058,SCOPE_ERROR,AF-SCC-C2-VAC-GEN,SCOPE_ERROR,matter_present,NONVAC,,False,T-510;D-007,T1_supporting_record_assumption,T-510,assumptions,Spherical symmetry; Einstein-Maxwell-real-scalar,4771be7168737911cdecc3ea81a5b24e937c890571089a8ceff747f0012d99f3
SRC-058,SCOPE_ERROR,AF-SCC-C2-VAC-GEN,SCOPE_ERROR,matter_present,NONVAC,,False,T-510;D-007,T1_supporting_record_assumption,D-007,assumptions,Einstein-Maxwell-real-scalar system in spherical symmetry,ada628e397394925199c491a6f1d37d7b5f90e5fc22b3e3ca7b1b2d10c9d23ec
SRC-058,SCOPE_ERROR,AF-SCC-C2-VAC-GEN,SCOPE_ERROR,matter_present,NONVAC,,False,T-510;D-007,T1_supporting_record_assumption,D-007,assumptions,Einstein-Maxwell-real-scalar system in spherical symmetry,ada628e397394925199c491a6f1d37d7b5f90e5fc22b3e3ca7b1b2d10c9d23ec
SRC-058,SCOPE_ERROR,AF-SCC-C2-VAC-GEN,SCOPE_ERROR,matter_present,NONVAC,,False,T-510;D-007,T2_row_own_evidence_excerpt,SRC-058,evidence_excerpt,Abstract: '...we prove the C^2-formulation of the strong cosmic censorship conjecture for the Einstein-Maxwell-(real)-scalar-field system in spherical symmetry for two-ended asymptotically flat data.,62a134fb8a2ef289e82a8d2ce12271ba29d75d21ce9f295ecd676d62e5ecb4a6
SRC-058,SCOPE_ERROR,AF-SCC-C2-VAC-GEN,SCOPE_ERROR,matter_present,NONVAC,,False,T-510;D-007,T2_row_own_evidence_excerpt,SRC-058,evidence_excerpt,Abstract: '...we prove the C^2-formulation of the strong cosmic censorship conjecture for the Einstein-Maxwell-(real)-scalar-field system in spherical symmetry for two-ended asymptotically flat data.,62a134fb8a2ef289e82a8d2ce12271ba29d75d21ce9f295ecd676d62e5ecb4a6
SRC-058,SCOPE_ERROR,AF-SCC-C2-VAC-GEN,SCOPE_ERROR,matter_present,NONVAC,,False,T-510;D-007,T3_supporting_record_caveat,T-510,scope_caveats,Matter model EM-scalar; not vacuum.,e9e7fc1bfedf3ebb67990b6872775781c75f4ae198423b5769131b2ce0bef515
SRC-058,SCOPE_ERROR,AF-SCC-C2-VAC-GEN,SCOPE_ERROR,matter_present,NONVAC,,False,T-510;D-007,T3_supporting_record_caveat,D-007,scope_caveats,"Other works use: 'open set' (Christodoulou 1984 dust; Klainerman-Rodnianski 2012), 'open and dense' informally, 'positive probability' (Christodoulou 1999 abstract), 'generic data in an allowed rough class' (Dafermos-Shlapentokh-Rothman 2018), or leave it implicit.",7fefde9ee59f47ce41dc0c84a119181888d241650c3d8fb20ce98f63edc9cefa
SRC-061,SCOPE_ERROR,AF-SCC-C0-VAC-GEN,SCOPE_ERROR,matter_present,NONVAC,,False,D-002;T-501,T1_supporting_record_assumption,T-501,assumptions,Einstein-Maxwell-(real)-scalar field system,f20da2dd7d3ea71eeffd98c5c64882d5f8424584b9c594e9b6a15acba3190a4f
SRC-061,SCOPE_ERROR,AF-SCC-C0-VAC-GEN,SCOPE_ERROR,matter_present,NONVAC,,False,D-002;T-501,T1_supporting_record_assumption,T-501,assumptions,Einstein-Maxwell-(real)-scalar field system,f20da2dd7d3ea71eeffd98c5c64882d5f8424584b9c594e9b6a15acba3190a4f
SRC-061,SCOPE_ERROR,AF-SCC-C0-VAC-GEN,SCOPE_ERROR,matter_present,NONVAC,,False,D-002;T-501,T1_supporting_record_assumption,T-501,assumptions,Price-law decay of the data on the outgoing characteristic (widely believed for collapse from AF data); with Dafermos-Rodnianski the result applies to compactly supported scalar hair,a2de2330678e2dd8a2b52f17a775ec70d8688e08c5902b094de83177bdabf6a1
SRC-061,SCOPE_ERROR,AF-SCC-C0-VAC-GEN,SCOPE_ERROR,matter_present,NONVAC,,False,D-002;T-501,T2_row_own_title,SRC-061,title,A proof of Price's law for the collapse of a self-gravitating scalar field,41cf31336db97cc6a2bc5c5dc8e4ce959ba9c215cea2d652dd67d19dd5954675
SRC-061,SCOPE_ERROR,AF-SCC-C0-VAC-GEN,SCOPE_ERROR,matter_present,NONVAC,,False,D-002;T-501,T2_row_own_title,SRC-061,title,A proof of Price's law for the collapse of a self-gravitating scalar field,41cf31336db97cc6a2bc5c5dc8e4ce959ba9c215cea2d652dd67d19dd5954675
SRC-061,SCOPE_ERROR,AF-SCC-C0-VAC-GEN,SCOPE_ERROR,matter_present,NONVAC,,False,D-002;T-501,T2_row_own_evidence_excerpt,SRC-061,evidence_excerpt,"Abstract: 'In this paper, we prove a well-defined (upper bound) formulation of Price's law for the collapse of a self-gravitating scalar field with spherically symmetric initial data.",8297ef5f5fa84e1dcf25978a925824076028012d03901467cb9736c0eb87551e
SRC-061,SCOPE_ERROR,AF-SCC-C0-VAC-GEN,SCOPE_ERROR,matter_present,NONVAC,,False,D-002;T-501,T2_row_own_evidence_excerpt,SRC-061,evidence_excerpt,"Abstract: 'In this paper, we prove a well-defined (upper bound) formulation of Price's law for the collapse of a self-gravitating scalar field with spherically symmetric initial data.",8297ef5f5fa84e1dcf25978a925824076028012d03901467cb9736c0eb87551e
SRC-061,SCOPE_ERROR,AF-SCC-C0-VAC-GEN,SCOPE_ERROR,matter_present,NONVAC,,False,D-002;T-501,T2_row_own_evidence_excerpt,SRC-061,evidence_excerpt,We also allow the presence of an additional gravitationally coupled Maxwell field.,44cc65ee70801610a8c8d2ce012db791458a88a57205986c0ba841399481d62f
SRC-061,SCOPE_ERROR,AF-SCC-C0-VAC-GEN,SCOPE_ERROR,matter_present,NONVAC,,False,D-002;T-501,T2_row_own_evidence_excerpt,SRC-061,evidence_excerpt,"When combined with previous work of the first author (gr-qc/0307013) concerning the internal structure of charged black holes, which assumed the validity of Price's law, our results can be applied to the strong cosmic censorship conjecture for the Einstein-Maxwell-real scalar field system with complete spacelike asymptotically",55e8e49912fda940e4f0ebacf28020f839b08df3fe623adfcdfc467b8b683db5
SRC-061,SCOPE_ERROR,AF-SCC-C0-VAC-GEN,SCOPE_ERROR,matter_present,NONVAC,,False,D-002;T-501,T2_row_own_evidence_excerpt,SRC-061,evidence_excerpt,"When combined with previous work of the first author (gr-qc/0307013) concerning the internal structure of charged black holes, which assumed the validity of Price's law, our results can be applied to the strong cosmic censorship conjecture for the Einstein-Maxwell-real scalar field system with complete spacelike asymptotically",55e8e49912fda940e4f0ebacf28020f839b08df3fe623adfcdfc467b8b683db5
SRC-061,SCOPE_ERROR,AF-SCC-C0-VAC-GEN,SCOPE_ERROR,matter_present,NONVAC,,False,D-002;T-501,T2_row_own_evidence_excerpt,SRC-061,evidence_excerpt,"When combined with previous work of the first author (gr-qc/0307013) concerning the internal structure of charged black holes, which assumed the validity of Price's law, our results can be applied to the strong cosmic censorship conjecture for the Einstein-Maxwell-real scalar field system with complete spacelike asymptotically",55e8e49912fda940e4f0ebacf28020f839b08df3fe623adfcdfc467b8b683db5
SRC-061,SCOPE_ERROR,AF-SCC-C0-VAC-GEN,SCOPE_ERROR,matter_present,NONVAC,,False,D-002;T-501,T3_supporting_record_caveat,T-501,scope_caveats,"Matter model is EM-scalar, not vacuum.",ff5aa5830cafa4454f3e08713d2ada18eb0a9c3f125186023dbae1b85a60af1c
SRC-061,SCOPE_ERROR,AF-SCC-C0-VAC-GEN,SCOPE_ERROR,matter_present,NONVAC,,False,D-002;T-501,T3_supporting_record_caveat,T-501,scope_caveats,This is the canonical result behind the statement 'C^0 SCC fails for charged spherical collapse'.,05472b35eee82be3e5d881c433597abfe268cbb135d8e13b41cb00018f1ac64f
SRC-062,LICENSED,AF-SCC-C0-VAC-GEN,LICENSED,vacuum_model,VAC,,False,T-301;T-515;T-528,T1_supporting_record_assumption,T-301,assumptions,"Einstein vacuum equations, no symmetry",a2eeda468dcf288e38249b56dd931e177c32fb4c9cc0cf93d166011dadc65598
SRC-062,LICENSED,AF-SCC-C0-VAC-GEN,LICENSED,vacuum_model,VAC,,False,T-301;T-515;T-528,T1_supporting_record_assumption,T-528,assumptions,Einstein vacuum equations,4abe8dbb1193b6925e95085696fc73157e6162d4ff2edb4158a324a35d5aaca7
SRC-062,LICENSED,AF-SCC-C0-VAC-GEN,LICENSED,vacuum_model,VAC,,False,T-301;T-515;T-528,T2_row_own_evidence_excerpt,SRC-062,evidence_excerpt,"|a|/m << 1, in the context of asymptotically flat solutions of the Einstein vacuum equations (EVE).",13b46db401b8fc8f0c79e250a4f8c6b1d4824b1610410a22e9f45b69f23544e4
SRC-062,LICENSED,AF-SCC-C0-VAC-GEN,LICENSED,vacuum_model,VAC,,False,T-301;T-515;T-528,T2_row_own_evidence_excerpt,SRC-062,evidence_excerpt,"|a|/m << 1, in the context of asymptotically flat solutions of the Einstein vacuum equations (EVE).",13b46db401b8fc8f0c79e250a4f8c6b1d4824b1610410a22e9f45b69f23544e4
SRC-063,LICENSED,AF-SCC-C0-VAC-GEN,LICENSED,vacuum_model,VAC,,False,T-301;T-515;T-528,T1_supporting_record_assumption,T-301,assumptions,"Einstein vacuum equations, no symmetry",a2eeda468dcf288e38249b56dd931e177c32fb4c9cc0cf93d166011dadc65598
SRC-063,LICENSED,AF-SCC-C0-VAC-GEN,LICENSED,vacuum_model,VAC,,False,T-301;T-515;T-528,T1_supporting_record_assumption,T-528,assumptions,Einstein vacuum equations,4abe8dbb1193b6925e95085696fc73157e6162d4ff2edb4158a324a35d5aaca7
SRC-064,SCOPE_ERROR,AF-SCC-C0-VAC-GEN,SCOPE_ERROR,lambda_nonzero,VAC,NONZERO,False,T-515,T2_row_own_title,SRC-064,title,Conditional non-linear stability of Kerr-de Sitter spacetimes in the full subextremal range,491450023541f84d7ef1948379fc35516bc08c4ef7b0f949de14a2632c449732
SRC-064,SCOPE_ERROR,AF-SCC-C0-VAC-GEN,SCOPE_ERROR,lambda_nonzero,VAC,NONZERO,False,T-515,T2_row_own_evidence_excerpt,SRC-064,evidence_excerpt,"Abstract: 'We show the stability of Kerr-de Sitter black holes, in the full subextremal range, as solutions of the vacuum Einstein equation with a positive cosmological constant under the assumption that mode stability holds for these spacetimes.",f3a64f2fe3060376db1ff1287fc3cf3f76b212b7d0582a6761c16e725e970150
SRC-065,LICENSED,AF-SCC-C0-VAC-GEN,LICENSED,vacuum_model,VAC,,False,T-301;T-515,T1_supporting_record_assumption,T-301,assumptions,"Einstein vacuum equations, no symmetry",a2eeda468dcf288e38249b56dd931e177c32fb4c9cc0cf93d166011dadc65598
SRC-072,SCOPE_ERROR,AF-SCC-C0-VAC-GEN,SCOPE_ERROR,matter_present,NONVAC,,False,D-002,T2_row_own_title,SRC-072,title,Stability and instability of the Cauchy horizon for the spherically symmetric Einstein-Maxwell-scalar field equations (OpenAlex abstract reconstruction),789eea6105724c9c13e710036d5db7f5849ec5a8ffcc98cf06787b7ca52960ae
SRC-072,SCOPE_ERROR,AF-SCC-C0-VAC-GEN,SCOPE_ERROR,matter_present,NONVAC,,False,D-002,T2_row_own_title,SRC-072,title,Stability and instability of the Cauchy horizon for the spherically symmetric Einstein-Maxwell-scalar field equations (OpenAlex abstract reconstruction),789eea6105724c9c13e710036d5db7f5849ec5a8ffcc98cf06787b7ca52960ae
SRC-072,SCOPE_ERROR,AF-SCC-C0-VAC-GEN,SCOPE_ERROR,matter_present,NONVAC,,False,D-002,T2_row_own_evidence_excerpt,SRC-072,evidence_excerpt,Reconstructed abstract (OpenAlex inverted index): 'This paper considers a trapped characteristic initial value problem for the spherically symmetric Einstein-Maxwell-scalar field equations.,c55952c2594c7788491e8c68e2d5301796282559f9b11212a282d830ebd1ef26
SRC-072,SCOPE_ERROR,AF-SCC-C0-VAC-GEN,SCOPE_ERROR,matter_present,NONVAC,,False,D-002,T2_row_own_evidence_excerpt,SRC-072,evidence_excerpt,Reconstructed abstract (OpenAlex inverted index): 'This paper considers a trapped characteristic initial value problem for the spherically symmetric Einstein-Maxwell-scalar field equations.,c55952c2594c7788491e8c68e2d5301796282559f9b11212a282d830ebd1ef26
SRC-072,SCOPE_ERROR,AF-SCC-C0-VAC-GEN,SCOPE_ERROR,matter_present,NONVAC,,False,D-002,T2_row_own_evidence_excerpt,SRC-072,evidence_excerpt,"For an open set of initial data whose closure contains in particular Reissner-Nordstrom data, the future boundary of the maximal domain of development is found to be a light-like surface along which the curvature blows up, and yet the metric can be continuously extended beyond it.",6080a89bb8245b9dc5496e0163786c969a45d6d6af3ed42e49108e4978dc0ec9
SRC-072,SCOPE_ERROR,AF-SCC-C0-VAC-GEN,SCOPE_ERROR,matter_present,NONVAC,,False,D-002,T2_row_own_evidence_excerpt,SRC-072,evidence_excerpt,"For an open set of initial data whose closure contains in particular Reissner-Nordstrom data, the future boundary of the maximal domain of development is found to be a light-like surface along which the curvature blows up, and yet the metric can be continuously extended beyond it.",6080a89bb8245b9dc5496e0163786c969a45d6d6af3ed42e49108e4978dc0ec9
SRC-078,LICENSED,AF-SCC-C0-VAC-GEN,LICENSED,vacuum_model,VAC,,False,T-515;T-528,T1_supporting_record_assumption,T-528,assumptions,Einstein vacuum equations,4abe8dbb1193b6925e95085696fc73157e6162d4ff2edb4158a324a35d5aaca7
SRC-078,LICENSED,AF-SCC-C0-VAC-GEN,LICENSED,vacuum_model,VAC,,False,T-515;T-528,T2_row_own_evidence_excerpt,SRC-078,evidence_excerpt,Abstract: 'We settle the global nonlinear stability problem for the family of Kerr black holes in the full subextremal range: spacetimes evolving from initial data close to those of a subextremal Kerr black hole as solutions of the Einstein vacuum equation Ric(g)=0 settle down to a nearby member of the Kerr family at the rate O(t_*^{-2-eps}) in spatially compact regions.,8d4480c8332fa3bcd2c76e7ec246744800109f105e86b01d0e24ec0c6835cd7c
SRC-078,LICENSED,AF-SCC-C0-VAC-GEN,LICENSED,vacuum_model,VAC,,False,T-515;T-528,T2_row_own_evidence_excerpt,SRC-078,evidence_excerpt,Abstract: 'We settle the global nonlinear stability problem for the family of Kerr black holes in the full subextremal range: spacetimes evolving from initial data close to those of a subextremal Kerr black hole as solutions of the Einstein vacuum equation Ric(g)=0 settle down to a nearby member of the Kerr family at the rate O(t_*^{-2-eps}) in spatially compact regions.,8d4480c8332fa3bcd2c76e7ec246744800109f105e86b01d0e24ec0c6835cd7c
SRC-078,LICENSED,AF-SCC-C2-VAC-GEN,LICENSED,vacuum_model,VAC,,False,T-401,T2_row_own_evidence_excerpt,SRC-078,evidence_excerpt,Abstract: 'We settle the global nonlinear stability problem for the family of Kerr black holes in the full subextremal range: spacetimes evolving from initial data close to those of a subextremal Kerr black hole as solutions of the Einstein vacuum equation Ric(g)=0 settle down to a nearby member of the Kerr family at the rate O(t_*^{-2-eps}) in spatially compact regions.,8d4480c8332fa3bcd2c76e7ec246744800109f105e86b01d0e24ec0c6835cd7c
SRC-078,LICENSED,AF-SCC-C2-VAC-GEN,LICENSED,vacuum_model,VAC,,False,T-401,T2_row_own_evidence_excerpt,SRC-078,evidence_excerpt,Abstract: 'We settle the global nonlinear stability problem for the family of Kerr black holes in the full subextremal range: spacetimes evolving from initial data close to those of a subextremal Kerr black hole as solutions of the Einstein vacuum equation Ric(g)=0 settle down to a nearby member of the Kerr family at the rate O(t_*^{-2-eps}) in spatially compact regions.,8d4480c8332fa3bcd2c76e7ec246744800109f105e86b01d0e24ec0c6835cd7c
SRC-079,LICENSED,AF-SCC-C0-VAC-GEN,LICENSED,vacuum_model,VAC,,False,T-515;T-528,T1_supporting_record_assumption,T-528,assumptions,Einstein vacuum equations,4abe8dbb1193b6925e95085696fc73157e6162d4ff2edb4158a324a35d5aaca7
SRC-080,LICENSED,AF-SCC-C0-VAC-GEN,LICENSED,vacuum_model,VAC,,False,T-526,T1_supporting_record_assumption,T-526,assumptions,"Einstein vacuum equations, no symmetry",a2eeda468dcf288e38249b56dd931e177c32fb4c9cc0cf93d166011dadc65598
SRC-080,LICENSED,AF-SCC-C2-VAC-GEN,LICENSED,vacuum_model,VAC,,False,T-401;T-526;T-527,T1_supporting_record_assumption,T-526,assumptions,"Einstein vacuum equations, no symmetry",a2eeda468dcf288e38249b56dd931e177c32fb4c9cc0cf93d166011dadc65598
SRC-081,LICENSED,AF-SCC-C0-VAC-GEN,LICENSED,vacuum_model,VAC,,False,T-526,T1_supporting_record_assumption,T-526,assumptions,"Einstein vacuum equations, no symmetry",a2eeda468dcf288e38249b56dd931e177c32fb4c9cc0cf93d166011dadc65598
SRC-081,LICENSED,AF-SCC-C2-VAC-GEN,LICENSED,vacuum_model,VAC,,False,T-401;T-526;T-527,T1_supporting_record_assumption,T-526,assumptions,"Einstein vacuum equations, no symmetry",a2eeda468dcf288e38249b56dd931e177c32fb4c9cc0cf93d166011dadc65598
SRC-082,LICENSED,AF-SCC-C0-VAC-GEN,LICENSED,vacuum_model,VAC,,False,T-526,T1_supporting_record_assumption,T-526,assumptions,"Einstein vacuum equations, no symmetry",a2eeda468dcf288e38249b56dd931e177c32fb4c9cc0cf93d166011dadc65598
SRC-082,LICENSED,AF-SCC-C2-VAC-GEN,LICENSED,vacuum_model,VAC,,False,T-526,T1_supporting_record_assumption,T-526,assumptions,"Einstein vacuum equations, no symmetry",a2eeda468dcf288e38249b56dd931e177c32fb4c9cc0cf93d166011dadc65598
SRC-083,LICENSED,AF-SCC-C0-VAC-GEN,LICENSED,vacuum_model,VAC,,False,T-526,T1_supporting_record_assumption,T-526,assumptions,"Einstein vacuum equations, no symmetry",a2eeda468dcf288e38249b56dd931e177c32fb4c9cc0cf93d166011dadc65598
SRC-083,LICENSED,AF-SCC-C2-VAC-GEN,LICENSED,vacuum_model,VAC,,False,T-526,T1_supporting_record_assumption,T-526,assumptions,"Einstein vacuum equations, no symmetry",a2eeda468dcf288e38249b56dd931e177c32fb4c9cc0cf93d166011dadc65598
SRC-084,LICENSED,AF-SCC-C0-VAC-GEN,LICENSED,vacuum_model,VAC,,False,T-526,T1_supporting_record_assumption,T-526,assumptions,"Einstein vacuum equations, no symmetry",a2eeda468dcf288e38249b56dd931e177c32fb4c9cc0cf93d166011dadc65598
SRC-084,LICENSED,AF-SCC-C2-VAC-GEN,LICENSED,vacuum_model,VAC,,False,T-526,T1_supporting_record_assumption,T-526,assumptions,"Einstein vacuum equations, no symmetry",a2eeda468dcf288e38249b56dd931e177c32fb4c9cc0cf93d166011dadc65598
SRC-085,LICENSED,AF-SCC-C0-VAC-GEN,LICENSED,vacuum_model,VAC,,False,T-526,T1_supporting_record_assumption,T-526,assumptions,"Einstein vacuum equations, no symmetry",a2eeda468dcf288e38249b56dd931e177c32fb4c9cc0cf93d166011dadc65598
SRC-085,LICENSED,AF-SCC-C0-VAC-GEN,LICENSED,vacuum_model,VAC,,False,T-526,T2_row_own_evidence_excerpt,SRC-085,evidence_excerpt,Abstract: 'This paper establishes a mathematical proof of the blue-shift instability at the sub-extremal Kerr Cauchy horizon for the linearised vacuum Einstein equations.,230aa0665a6daba021b5f9a79cce941312469f24d2b0a235428a8a15d9e77db0
SRC-085,LICENSED,AF-SCC-C2-VAC-GEN,LICENSED,vacuum_model,VAC,,False,T-526,T1_supporting_record_assumption,T-526,assumptions,"Einstein vacuum equations, no symmetry",a2eeda468dcf288e38249b56dd931e177c32fb4c9cc0cf93d166011dadc65598
SRC-085,LICENSED,AF-SCC-C2-VAC-GEN,LICENSED,vacuum_model,VAC,,False,T-526,T2_row_own_evidence_excerpt,SRC-085,evidence_excerpt,Abstract: 'This paper establishes a mathematical proof of the blue-shift instability at the sub-extremal Kerr Cauchy horizon for the linearised vacuum Einstein equations.,230aa0665a6daba021b5f9a79cce941312469f24d2b0a235428a8a15d9e77db0
SRC-091,LICENSED,AF-SCC-C0-VAC-GEN,LICENSED,vacuum_model,VAC,,False,T-515;T-528,T1_supporting_record_assumption,T-528,assumptions,Einstein vacuum equations,4abe8dbb1193b6925e95085696fc73157e6162d4ff2edb4158a324a35d5aaca7
