citation_id,bibkey,title,authors,year,venue,doi,arxiv_id,url,status,verification_method,evidence_type,fetched_at,http_status,evidence_excerpt,used_by_theorems,verdict,reviewer
SRC-001,shlapentokhrothman2025review,"Weak cosmic censorship, trapped surfaces, and naked singularities for the Einstein vacuum equations",Yakov Shlapentokh-Rothman,2025,"Comptes Rendus. Mécanique, Volume 353 (2025), pp. 379-410",10.5802/crmeca.284,,https://comptes-rendus.academie-sciences.fr/mecanique/articles/10.5802/crmeca.284/,verified-primary,primary-page-fetch,,2026-09-11T23:19:00+08:00,200,"The weak cosmic censorship conjecture posits that, generically, all singularities in General Relativity arising from regular asymptotically flat initial data should have a complete future null infinity. While this conjecture remains wide open, it has inspired many mathematical works concerning topics such as trapped surface formation and the construction of naked singularities.",D-001,verified,lead-literature
SRC-002,rodnianski2023naked,Naked Singularities for the Einstein Vacuum Equations: The Exterior Solution,Igor Rodnianski; Yakov Shlapentokh-Rothman,2023,"Annals of Mathematics (2) 198(1), 231-391 (2023); arXiv v2 2022",10.4007/annals.2023.198.1.3,1912.08478,https://arxiv.org/abs/1912.08478,verified-primary,primary-page-fetch,,2026-09-11T23:18:00+08:00,200,"In this work we initiate the mathematical study of naked singularities for the Einstein vacuum equations in 3+1 dimensions by constructing solutions which correspond to the exterior region of a naked singularity. A key element is our introduction of a new type of self-similarity for the Einstein vacuum equations. ... Prior to this work, the only known examples of naked singularities were the solutions constructed by Christodoulou for the spherically symmetric Einstein-scalar-field system, as well as other solutions explored numerically for either the spherically symmetric Einstein equations co",T-208,verified,lead-literature
SRC-003,shlapentokhrothman2022interior,Naked Singularities for the Einstein Vacuum Equations: The Interior Solution,Yakov Shlapentokh-Rothman,2022,"arXiv preprint (v1, 21 Apr 2022)",10.48550/arXiv.2204.09891,2204.09891,https://arxiv.org/abs/2204.09891,verified-primary,primary-page-fetch,,2026-09-11T23:22:00+08:00,200,"In a previous work [I. Rodnianski and Y. Shlapentokh-Rothman, Naked Singularities for the Einstein Vacuum Equations: The Exterior Solution, arXiv:1912.08478] we constructed solutions to the Einstein vacuum equations in 3+1 dimensions which corresponded to the exterior region of a naked singularity. In this work we construct solutions which correspond to the interior region and show that the two solutions may be glued together to produce a naked singularity.",T-208;T-209,verified,lead-literature
SRC-004,dafermos2025interiorI,The interior of dynamical vacuum black holes I: The C^0-stability of the Kerr Cauchy horizon,Mihalis Dafermos; Jonathan Luk,2025,"Annals of Mathematics (2) 202(2), 309-630 (September 2025); arXiv v1 2017",10.4007/annals.2025.202.2.1,1710.01722,https://arxiv.org/abs/1710.01722,verified-primary,primary-page-fetch,,2026-09-11T23:19:00+08:00,200,"We prove that for all such data, the maximal Cauchy evolution can be extended across a non-trivial piece of Cauchy horizon as a Lorentzian manifold with continuous metric. ... In particular, if the exterior region of the Kerr family is proven to be dynamically stable---as is widely expected---then it will follow that the C^0-inextendibility formulation of Penrose's celebrated strong cosmic censorship conjecture is in fact false. The proof suggests, however, that the C^0-metric Cauchy horizons thus arising are generically singular in an essential way, representing so-called weak null singularit",D-002;T-301;T-305;T-401;T-402,verified,lead-literature
SRC-005,sbierski2018c0,The C^0-inextendibility of the Schwarzschild spacetime and the spacelike diameter in Lorentzian Geometry,Jan Sbierski,2018,"Journal of Differential Geometry 108(2), 319-378 (2018); arXiv:1507.00601",10.4310/jdg/1518490820,1507.00601,https://arxiv.org/abs/1507.00601,verified-api,arxiv-api,,2026-09-11T23:20:00+08:00,200,"The maximal analytic Schwarzschild spacetime is manifestly inextendible as a Lorentzian manifold with a twice continuously differentiable metric. In this paper, we prove the stronger statement that it is even inextendible as a Lorentzian manifold with a continuous metric. ... The investigation of low-regularity inextendibility criteria is motivated by the strong cosmic censorship conjecture.",D-002;T-302,verified,lead-literature
SRC-006,sbierski2018proof,On the proof of the C^0-inextendibility of the Schwarzschild spacetime,Jan Sbierski,2018,"Journal of Physics: Conference Series 968, 012012 (2018)",10.1088/1742-6596/968/1/012012,1711.11380,https://arxiv.org/abs/1711.11380,verified-api,arxiv-api,,2026-09-11T23:20:00+08:00,200,This article presents a streamlined version of the author's original proof of the C^0-inextendibility of the maximal analytic Schwarzschild spacetime. ... we give a more flexible and shorter argument for the inextendibility through the interior region.,T-301;T-302,verified,lead-literature
SRC-007,miethke2024kasner,C^0-inextendibility of the Kasner spacetime,Benedikt Miethke,2024,"Master's thesis, Universität Wien (arXiv:2408.05257)",10.25365/thesis.76304,2408.05257,https://arxiv.org/abs/2408.05257,verified-api,arxiv-api,,2026-09-11T23:20:00+08:00,200,The Kasner spacetime is a cosmological model of an anisotropic expanding universe without matter and is an exact solution of the Einstein vacuum equations Ric(g) = 0. It is manifestly inextendible as a Lorentzian manifold with a twice differentiable metric. In this thesis we proof that it is even inextendible as a Lorentzian manifold with merely continuous metric.,,verified,lead-literature
SRC-008,graf2024flrw,C^0-inextendibility of FLRW spacetimes within a subclass of axisymmetric spacetimes,Melanie Graf; Marco van den Beld-Serrano,2024,"arXiv preprint (v1, 20 Sep 2024)",10.48550/arXiv.2409.13799,2409.13799,https://arxiv.org/abs/2409.13799,verified-api,arxiv-api,,2026-09-11T23:20:00+08:00,200,"Starting from the proof of the C^0-inextendibility of Schwarzschild by Sbierski, the past decade has seen renewed interest in showing low-regularity inextendibility for known spacetime models. ... we present an extension of work by Galloway and Ling on C^0-inextendibility of certain FLRW spacetimes within a subclass of spherically symmetric spacetimes, to C^0-inextendibility within a subclass of axisymmetric spacetimes.",,verified,lead-literature
SRC-009,mosani2026warped,C^0-inextendibility of a class of warped-product black hole spacetimes,Karim Mosani,2026,"arXiv preprint (v1, 24 Jun 2026)",10.48550/arXiv.2606.25755,2606.25755,https://arxiv.org/abs/2606.25755,verified-api,arxiv-api,,2026-09-11T23:20:00+08:00,200,"We adapt Sbierski's proof of C^0-inextendibility of the maximal analytic Schwarzschild spacetime to a broad class of warped-product black hole spacetimes with a static exterior region. ... Under suitable assumptions, including that the fibre is closed (compact without boundary), connected, homogeneous, and orientable, we establish future C^0-inextendibility for spacetimes in this class.",,verified,lead-literature
SRC-010,penrose1965,Gravitational collapse and space-time singularities,Roger Penrose,1965,"Physical Review Letters 14, 57-59 (1965)",10.1103/PhysRevLett.14.57,,https://inspirehep.net/api/literature/9038,verified-api,inspirehep-api,metadata,2026-09-11T23:29:00+08:00,200,"INSPIRE recid 9038: title 'Gravitational collapse and space-time singularities'; author Penrose, Roger (Birkbeck Coll.); Phys.Rev.Lett. 14 (1965) 57-59; DOI 10.1103/PhysRevLett.14.57.",,verified,lead-literature
SRC-011,penrose1969,Gravitational collapse: The role of general relativity,Roger Penrose,1969,"Rivista del Nuovo Cimento 1, 252-276 (1969); reprinted Gen. Rel. Grav. 34, 1141-1165 (2002)",10.1023/A:1016578408204,,https://inspirehep.net/api/literature/54979,verified-api,inspirehep-api,metadata,2026-09-11T23:29:00+08:00,200,"INSPIRE recid 54979: 'Gravitational collapse: The role of general relativity', Penrose, R.; Riv.Nuovo Cim. 1 (1969) 252-276; reprinted Gen.Rel.Grav. 34 (2002) 1141-1165; DOI 10.1023/A:1016578408204.",D-001,verified,lead-literature
SRC-012,hawking1970,The singularities of gravitational collapse and cosmology,Stephen W. Hawking; Roger Penrose,1970,"Proceedings of the Royal Society of London A 314, 529-548 (1970)",10.1098/rspa.1970.0021,,https://inspirehep.net/api/literature/55131,verified-api,inspirehep-api,metadata,2026-09-11T23:29:00+08:00,200,"INSPIRE recid 55131: 'The Singularities of gravitational collapse and cosmology', Hawking, S.W.; Penrose, R.; Proc.Roy.Soc.Lond.A 314 (1970) 529-548; DOI 10.1098/rspa.1970.0021.",,verified,lead-literature
SRC-013,christodoulou1994,Examples of naked singularity formation in the gravitational collapse of a scalar field,Demetrios Christodoulou,1994,"Annals of Mathematics (2) 140(3), 607-653 (1994)",10.2307/2118619,,https://inspirehep.net/api/literature/391017,verified-api,inspirehep-api,metadata,2026-09-11T23:29:00+08:00,200,"INSPIRE recid 391017: 'Examples of naked singularity formation in the gravitational collapse of a scalar field', Christodoulou, Demetrios; Annals Math. 140 (1994) 607-653; DOI 10.2307/2118619.",T-102,verified,lead-literature
SRC-014,christodoulou1999,The instability of naked singularities in the gravitational collapse of a scalar field,Demetrios Christodoulou,1999,"Annals of Mathematics (2) 149(1), 183-217 (1999)",10.2307/121023,math/9901147,https://arxiv.org/abs/math/9901147,verified-primary,primary-page-fetch,abstract,2026-09-11T23:30:00+08:00,200,"Abstract: 'One of the fundamental unanswered questions in the general theory of relativity is whether ``naked'' singularities, that is singular events which are visible from infinity, may form with positive probability in the process of gravitational collapse. The conjecture that the answer to this question is in the negative has been called ``cosmic censorship.'' The present paper, which is a continuation previous work, addresses this question in the context of the spherical gravitational collapse of a scalar field.' Journal ref: Ann. of Math. (2) 149 (1999), no. 1, 183-217.",D-006;T-101;D-007;T-523;T-525,verified,lead-literature
SRC-015,christodoulou1984dust,Violation of cosmic censorship in the gravitational collapse of a dust cloud,Demetrios Christodoulou,1984,"Communications in Mathematical Physics 93(2), 171-195 (1984)",10.1007/BF01223743,,https://inspirehep.net/api/literature/211917,verified-api,inspirehep-api,abstract,2026-09-11T23:29:00+08:00,200,"Springer abstract: 'The behaviour of the outgoing light rays in the gravitational collapse of an inhomogeneous spherically symmetric dust cloud is analyzed. It is shown that, for an open subset of initial density distributions, the first singular event, which occurs at the center of symmetry, is the vertex of an infinity of future null geodesic cones which intersect future null infinity. The frequency of the corresponding light rays is infinitely redshifted.'",T-104,verified,lead-literature
SRC-016,choptuik1993,Universality and scaling in gravitational collapse of a massless scalar field,Matthew W. Choptuik,1993,"Physical Review Letters 70(1), 9-12 (1993)",10.1103/PhysRevLett.70.9,,https://inspirehep.net/api/literature/33714,verified-api,inspirehep-api,abstract,2026-09-11T23:29:00+08:00,200,"APS abstract: 'I summarize results from a numerical study of spherically symmetric collapse of a massless scalar field. I consider families of solutions, scrS[p], with the property that a critical parameter value, p*, separates solutions containing black holes from those which do not. I present evidence in support of conjectures that (1) the strong-field evolution in the p->p* limit is universal and generates structure on arbitrarily small spatiotemporal scales and (2) the masses of black holes which form satisfy a power law MBH ~ ||p-p*||^gamma, where gamma ~= 0.37 is a universal exponent.'",T-103,verified,lead-literature
SRC-017,moncrief1983,Symmetries of cosmological Cauchy horizons,Vincent Moncrief; James Isenberg,1983,"Communications in Mathematical Physics 89(3), 387-413 (1983)",10.1007/BF01214662,,https://inspirehep.net/api/literature/1235595,verified-api,inspirehep-api,abstract,2026-09-11T23:29:00+08:00,200,"Springer abstract: 'We consider analytic vacuum and electrovacuum spacetimes which contain a compact null hypersurface ruled by closed null generators. We prove that each such spacetime has a non-trivial Killing symmetry. We distinguish two classes of null surfaces, degenerate and non-degenerate ones... We show that the non-degenerate null surfaces are always Cauchy horizons across which the Killing fields change from spacelike (in the globally hyperbolic regions) to timelike (in the acausal, analytic extensions).'",T-509,verified,lead-literature
SRC-018,isenberg1985,Symmetries of cosmological Cauchy horizons with exceptional orbits,James Isenberg; Vincent Moncrief,1985,"Journal of Mathematical Physics 26(5), 1024-1027 (1985)",10.1063/1.526587,,https://inspirehep.net/api/literature/2862908,verified-api,inspirehep-api,abstract,2026-09-11T23:29:00+08:00,200,"CrossRef abstract: 'We show here that if an analytic space-time satisfying the vacuum (or electrovacuum) Einstein equations contains a compact null hypersurface with closed generators, then the space-time must have a nontrivial Killing vector field. This result is an extension of an earlier theorem, which required that the generators of the hypersurface must not only be closed, but in addition must satisfy a local product bundle (LPB) condition.'",T-509,verified,lead-literature
SRC-019,moncrief2019,Symmetries of cosmological Cauchy horizons with non-closed orbits,Vincent Moncrief; James Isenberg,2019,"Communications in Mathematical Physics 374(1), 145-186 (2019)",10.1007/s00220-019-03571-9,,https://inspirehep.net/api/literature/1684261,verified-api,inspirehep-api,abstract,2026-09-11T23:29:00+08:00,200,"Springer abstract: 'We consider analytic, vacuum spacetimes that admit compact, non-degenerate Cauchy horizons... In this article we relax the closure assumption and analyze vacuum spacetimes in which the generic horizon generating null geodesic densely fills a 2-torus lying in the horizon... we prove that analytic, 4-dimensional, vacuum spacetimes with such (non-ergodic) compact Cauchy horizons always admit (at least) two independent, commuting Killing vector fields of which a special linear combination is horizon generating.'",T-509,verified,lead-literature
SRC-020,dafermos2003,Stability and instability of the Cauchy horizon for the spherically symmetric Einstein-Maxwell-scalar field equations,Mihalis Dafermos,2003,"Annals of Mathematics (2) 158(3), 875-928 (2003)",,,https://inspirehep.net/api/literature/1767922,verified-api,inspirehep-api,metadata,2026-09-11T23:29:00+08:00,200,"INSPIRE recid 1767922: 'Stability and Instability of the Cauchy Horizon for the Spherically Symmetric Einstein-Maxwell-Scalar Field Equations', Dafermos, Mihalis; Ann.Math. 158 (2003) 875-928.",T-501;T-521,verified,lead-literature
SRC-021,dafermos2005cpam,The interior of charged black holes and the problem of uniqueness in general relativity,Mihalis Dafermos,2005,"Communications on Pure and Applied Mathematics 58(4), 445-504 (2005)",10.1002/cpa.20071,,https://inspirehep.net/api/literature/622602,verified-api,inspirehep-api,abstract,2026-09-11T23:29:00+08:00,200,"WILEY abstract: '...the maximal future development has a future boundary over which the space-time is extendible as a C0 metric but along which the Hawking mass blows up identically; thus, the space-time is inextendible as a C1 metric. ... This shows that under Christodoulou's C0 formulation, the strong cosmic censorship conjecture is false for this system.'",D-002;T-501,verified,lead-literature
SRC-022,luk2018jams,Weak null singularities in general relativity,Jonathan Luk,2018,"Journal of the American Mathematical Society 31(1), 1-63 (2018)",10.1090/jams/888,,https://inspirehep.net/api/literature/1265214,verified-api,inspirehep-api,abstract,2026-09-11T23:29:00+08:00,200,AMS abstract: 'We construct a class of spacetimes (without symmetry assumptions) satisfying the vacuum Einstein equations with singular boundaries on two null hypersurfaces intersecting in the future on a 2-sphere. The metric of these spacetimes extends continuously beyond the singularities while the Christoffel symbols fail to be square integrable in a neighborhood of any point on the singular boundaries. The construction shows moreover that the singularities are stable in a suitable sense.',T-303;T-401;T-402,verified,lead-literature
SRC-023,lukoh2017duke,Proof of linear instability of the Reissner-Nordstrom Cauchy horizon under scalar perturbations,Jonathan Luk; Sung-Jin Oh,2017,"Duke Mathematical Journal 166(3), 437-493 (2017)",10.1215/00127094-3715189,,https://inspirehep.net/api/literature/1340082,verified-api,inspirehep-api,abstract,2026-09-11T23:29:00+08:00,200,"Duke University Press abstract: 'We prove that generic smooth and compactly supported initial data on a Cauchy hypersurface indeed give rise to solutions with infinite nondegenerate energy near the Cauchy horizon in the interior of the black hole. In particular, the solution generically does not belong to W^{1,2}_{loc}. This instability is related to the celebrated blue-shift effect in the interior of the black hole. ... we also show as a consequence of the proof that Price's law decay is generically sharp along the event horizon.'",T-504;T-506,verified,lead-literature
SRC-024,sbier2020holonomy,"On holonomy singularities in general relativity and the C^{0,1}_loc-inextendibility of spacetimes",Jan Sbierski,2022,"arXiv:2007.12049 (v2), accepted by Duke Mathematical Journal (per arXiv comment)",,2007.12049,https://arxiv.org/abs/2007.12049,verified-api,arxiv-api,abstract,2026-09-11T23:40:00+08:00,200,"Abstract: '...using an unbounded local holonomy we also give a general theorem establishing the C^{0,1}_{loc}-inextendibility of spherically symmetric weak null singularities which arise at the Cauchy horizon in the interior of black holes. Our theorem does not presuppose the mass-inflation scenario and in particular applies to the Reissner-Nordstrom-Vaidya spacetimes as well as to spacetimes which arise from small and generic spherically symmetric perturbations of two-ended subextremal Reissner-Nordstrom initial data for the Einstein-Maxwell-scalar field system. In [26], [27] Luk and Oh prove",D-003;D-005;T-304;T-506,verified,lead-literature
SRC-025,vandemoortel2020c2,Mass inflation and the C^2-inextendibility of spherically symmetric charged scalar field dynamical black holes,Maxime Van de Moortel,2020,"Communications in Mathematical Physics 382, 1263-1341 (2020); arXiv:2001.11156",10.1007/s00220-020-03923-w,2001.11156,https://arxiv.org/abs/2001.11156,verified-api,arxiv-api,abstract,2026-09-11T23:40:00+08:00,200,"Abstract: '...we prove assuming (sufficiently slow) decay of the charged scalar field on the event horizon, that the Cauchy horizon emanating from time-like infinity is CH_{i+} = D union S ... As a consequence, we establish a novel classification of Cauchy horizons into three types: dynamical, static or mixed, and prove that CH_{i+} is globally C^2-inextendible. ... we prove in spherical symmetry that: two-ended asymptotically flat space-times are C^2-future-inextendible i.e. C^2 Strong Cosmic Censorship is true for Einstein-Maxwell-Klein-Gordon, assuming the decay of the scalar field on the e",D-003;T-505,verified,lead-literature
SRC-026,cgns2015part1,On the global uniqueness for the Einstein-Maxwell-scalar field system with a cosmological constant. Part 1: Well posedness and breakdown criterion,Joao L. Costa; Pedro M. Girao; Jose Natario; Jorge Drumond Silva,2015,"Classical and Quantum Gravity 32(1), 015017 (2015); arXiv:1406.7245",10.1088/0264-9381/32/1/015017,1406.7245,https://arxiv.org/abs/1406.7245,verified-api,arxiv-api,abstract,2026-09-11T23:21:00+08:00,200,"Abstract: 'This paper is the first part of a trilogy dedicated to the following problem: given spherically symmetric characteristic initial data for the Einstein-Maxwell-scalar field system with a cosmological constant Lambda, with the data on the outgoing initial null hypersurface given by a subextremal Reissner-Nordstrom black hole event horizon, study the future extendibility of the corresponding maximal globally hyperbolic development (MGHD) as a suitably regular Lorentzian manifold. In this first part we establish well posedness ... and determine breakdown criteria.'",T-502,verified,lead-literature
SRC-027,cgns2015part2,On the global uniqueness for the Einstein-Maxwell-scalar field system with a cosmological constant. Part 2: Structure of the solutions and stability of the Cauchy horizon,Joao L. Costa; Pedro M. Girao; Jose Natario; Jorge Drumond Silva,2015,"Communications in Mathematical Physics 339, 903-947 (2015); arXiv:1406.7253",10.1007/s00220-015-2433-6,1406.7253,https://arxiv.org/abs/1406.7253,verified-api,arxiv-api,abstract,2026-09-11T23:21:00+08:00,200,"Abstract: 'In this second paper, we generalize the results of Dafermos on the stability of the radius function at the Cauchy horizon by including a cosmological constant. ... In the third and final paper, we will consider the issue of mass inflation and extendibility of solutions beyond the Cauchy horizon.'",T-502,verified,lead-literature
SRC-028,cgns2017part3,On the global uniqueness for the Einstein-Maxwell-scalar field system with a cosmological constant. Part 3: Mass inflation and extendibility of the solutions,Joao L. Costa; Pedro M. Girao; Jose Natario; Jorge Drumond Silva,2017,"Annals of PDE 3, 8 (2017); arXiv:1406.7261",10.1007/s40818-017-0028-6,1406.7261,https://arxiv.org/abs/1406.7261,verified-api,arxiv-api,abstract,2026-09-11T23:21:00+08:00,200,"Abstract: '...depending on the decay rate of the initial data, mass inflation may or may not occur. When the mass is controlled, it is possible to obtain continuous extensions of the metric across the Cauchy horizon with square integrable Christoffel symbols. Under slightly stronger conditions, we can bound the gradient of the scalar field. This allows the construction of (non-isometric) extensions of the maximal development which are classical solutions of the Einstein equations. Our results provide evidence against the validity of the strong cosmic censorship conjecture when Lambda>0.'",T-502;T-519,verified,lead-literature
SRC-029,costa2018mass,On the occurrence of mass inflation for the Einstein-Maxwell-scalar field system with a cosmological constant and an exponential Price law,Joao L. Costa; Pedro M. Girao; Jose Natario; Jorge Drumond Silva,2018,"Communications in Mathematical Physics 361, 289-341 (2018); arXiv:1707.08975",10.1007/s00220-018-3122-z,1707.08975,https://arxiv.org/abs/1707.08975,verified-api,arxiv-api,abstract,2026-09-11T23:21:00+08:00,200,"Abstract: 'More precisely, we construct open sets of characteristic data which, on the outgoing initial null hypersurface (taken to be the event horizon), converges exponentially to a reference Reissner-Nordstrom black hole at infinity. We prove the stability of the radius function at the Cauchy horizon, and show that, depending on the decay rate of the initial data, mass inflation may or may not occur. In the latter case, we find that the solution can be extended across the Cauchy horizon with continuous metric and Christoffel symbols in L^2_loc, thus violating the Christodoulou-Chrusciel ver",D-004;T-503;T-519,verified,lead-literature
SRC-030,luna2019nonlinear,Strong cosmic censorship: The nonlinear story,Raimon Luna; Miguel Zilhao; Vitor Cardoso; Joao L. Costa; Jose Natario,2019,"Physical Review D 99, 064014 (2019); arXiv:1810.00886",10.1103/PhysRevD.99.064014,1810.00886,https://arxiv.org/abs/1810.00886,verified-api,arxiv-api,abstract,2026-09-11T23:21:00+08:00,200,"Abstract: 'Here, we numerically evolve the nonlinear Einstein-Maxwell-scalar field equations with a positive cosmological constant, under spherical symmetry, and provide strong evidence that mass inflation indeed does not occur in the near extremal regime. This shows that nonlinear effects might not suffice to save the Strong Cosmic Censorship Conjecture.'",T-507,verified,lead-literature
SRC-031,cardoso2018qnm,Quasinormal modes and strong cosmic censorship,Vitor Cardoso; Joao L. Costa; Kyriakos Destounis; Peter Hintz; Aron Jansen,2018,"Physical Review Letters 120(3), 031103 (2018)",10.1103/PhysRevLett.120.031103,,https://inspirehep.net/api/literature/1639422,verified-api,inspirehep-api,abstract,2026-09-11T23:29:00+08:00,200,"APS abstract: '...we study massless scalar fields in the exterior of Reissner-Nordstrom-de Sitter black holes. ... We identify three families of modes in these spacetimes ... We give a detailed description of linear scalar perturbations of such black holes, and conjecture that SCC is violated in the near extremal regime.'",T-507,verified,lead-literature
SRC-032,dias2018rough,Strong cosmic censorship: taking the rough with the smooth,Oscar J. C. Dias; Harvey S. Reall; Jorge E. Santos,2018,"Journal of High Energy Physics 10, 001 (2018)",10.1007/JHEP10(2018)001,,https://inspirehep.net/api/literature/1685783,verified-api,inspirehep-api,abstract,2026-09-11T23:29:00+08:00,200,"Springer abstract: '...for near-extremal black holes, generic scalar field perturbations arising from smooth initial data have finite energy at the Cauchy horizon even though they are not continuously differentiable there. In this paper, we consider the analogous problem for coupled gravitational and electromagnetic perturbations. We find that such perturbations exhibit a much worse violation of strong cosmic censorship: for a sufficiently large near-extremal black hole, perturbations arising from smooth initial data can be extended through the Cauchy horizon in an arbitrarily smooth way. ... ",D-006;T-507,verified,lead-literature
SRC-033,dafermos2018rough,Rough initial data and the strength of the blue-shift instability on cosmological black holes with Lambda > 0,Mihalis Dafermos; Yakov Shlapentokh-Rothman,2018,"Classical and Quantum Gravity 35(19), 195010 (2018)",10.1088/1361-6382/aadbcf,,https://inspirehep.net/api/literature/1674350,verified-api,inspirehep-api,abstract,2026-09-11T23:29:00+08:00,200,"IOP abstract: '...by slightly relaxing the smoothness assumption on initial data, we are able to prove the analogue of the Christodoulou statement in the affirmative, i.e. we show that for generic data in our allowed class, the local energy blow-up statement indeed holds at the Cauchy horizon, for all subextremal black hole parameter ranges. ... This suggests thus that it is finally this class -- and not smoother data -- which may provide the correct setting to formulate the genericity condition in strong cosmic censorship.'",D-006;T-508;D-007,verified,lead-literature
SRC-034,miguel2021interior,Interior quasinormal modes and strong cosmic censorship,Filipe S. Miguel,2021,"Physical Review D 103(6), 064077 (2021)",10.1103/PhysRevD.103.064077,,https://inspirehep.net/api/literature/1837621,verified-api,inspirehep-api,abstract,2026-09-11T23:29:00+08:00,200,"APS abstract: '...it is demonstrated that this coincidence does not occur for RNdS or Kerr-dS, and so the conclusions of the earlier work remain valid.'",T-507,verified,lead-literature
SRC-035,hintzvasy2018kds,The global non-linear stability of the Kerr-de Sitter family of black holes,Peter Hintz; Andras Vasy,2018,"Acta Mathematica 220(1), 1-206 (2018)",10.4310/acta.2018.v220.n1.a1,,https://inspirehep.net/api/literature/1469117,verified-api,inspirehep-api,abstract,2026-09-11T23:29:00+08:00,200,"International Press abstract: 'We establish the full global non-linear stability of the Kerr-de Sitter family of black holes, as solutions of the initial value problem for the Einstein vacuum equations with positive cosmological constant, for small angular momenta, and without any symmetry assumptions on the initial data.'",T-207;T-515,verified,lead-literature
SRC-036,dhr2019linstab,The linear stability of the Schwarzschild solution to gravitational perturbations,Mihalis Dafermos; Gustav Holzegel; Igor Rodnianski,2019,"Acta Mathematica 222(1), 1-214 (2019)",10.4310/acta.2019.v222.n1.a1,,https://inspirehep.net/api/literature/1416803,verified-api,inspirehep-api,abstract,2026-09-11T23:29:00+08:00,200,"International Press abstract: 'We prove in this paper the linear stability of the celebrated Schwarzschild family of black holes in general relativity: Solutions to the linearisation of the Einstein vacuum equations around a Schwarzschild metric arising from regular initial data remain globally bounded on the black hole exterior, and in fact decay to a linearised Kerr metric.'",,verified,lead-literature
SRC-037,dhrt2021nonlinear,The non-linear stability of the Schwarzschild family of black holes,Mihalis Dafermos; Gustav Holzegel; Igor Rodnianski; Martin Taylor,2021,"arXiv:2104.08222 (v1, 16 Apr 2021), 513 pages",10.48550/arXiv.2104.08222,2104.08222,https://arxiv.org/abs/2104.08222,verified-api,arxiv-api,abstract,2026-09-11T23:25:00+08:00,200,"Abstract: 'We prove the non-linear asymptotic stability of the Schwarzschild family as solutions to the Einstein vacuum equations in the exterior of the black hole region: general vacuum initial data, with no symmetry assumed, sufficiently close to Schwarzschild data evolve to a vacuum spacetime which (i) possesses a complete future null infinity I+ (whose past J-(I+) is moreover bounded by a regular future complete event horizon H+), (ii) remains close to Schwarzschild in its exterior, and (iii) asymptotes back to a member of the Schwarzschild family ... provided that the data are themselves ",T-204;T-301,verified,lead-literature
SRC-038,klainermanszeftel2017polarized,Global nonlinear stability of Schwarzschild spacetime under polarized perturbations,Sergiu Klainerman; Jeremie Szeftel,2020,"arXiv:1711.07597; Annals of Mathematics Studies 210, Princeton University Press (2020)",,1711.07597,https://inspirehep.net/api/literature/1637357,verified-api,inspirehep-api,abstract,2026-09-11T23:29:00+08:00,200,"arXiv abstract: 'We prove the nonlinear stability of the Schwarzschild spacetime under axially symmetric polarized perturbations, i.e. solutions of the Einstein vacuum equations for asymptotically flat 1+3 dimensional Lorentzian metrics which admit a hypersurface orthogonal spacelike Killing vectorfield with closed orbits. ... Our work here is the first to prove the nonlinear stability of Schwarzschild in a restricted class of nontrivial perturbations.'",T-205,verified,lead-literature
SRC-039,gks2020formalism,A general formalism for the stability of Kerr,Elena Giorgi; Sergiu Klainerman; Jeremie Szeftel,2020,"arXiv:2002.02740 (v1, 7 Feb 2020)",10.48550/arXiv.2002.02740,2002.02740,https://arxiv.org/abs/2002.02740,verified-api,arxiv-api,abstract,2026-09-11T23:25:00+08:00,200,Abstract: 'The goal of this paper is to provide a geometric framework for analyzing the uniform decay properties of solutions to the Teukolsky equation in the fully nonlinear setting of perturbations of Kerr. It contains the first nonlinear version of the Chandrasekhar transformation ... with the intent to use it in our ongoing project to prove the full nonlinear stability of slowly rotating Kerr as solution to the Einstein vacuum equations.',T-206,verified,lead-literature
SRC-040,gks2022wave,Wave equations estimates and the nonlinear stability of slowly rotating Kerr black holes,Elena Giorgi; Sergiu Klainerman; Jeremie Szeftel,2022,"arXiv:2205.14808 (v1, 30 May 2022)",10.48550/arXiv.2205.14808,2205.14808,https://arxiv.org/abs/2205.14808,verified-api,arxiv-api,abstract,2026-09-11T23:25:00+08:00,200,"Abstract: 'This is the last part of our proof of the nonlinear stability of the Kerr family for small angular momentum, i.e |a|/m << 1, in which we deal with the nonlinear wave type estimates needed to complete the project. ... Together with [KS:Kerr] and the GCM papers ... this work completes proof of the Main Theorem stated in Section 3.4 of [KS:Kerr].'",T-206;T-301;T-305;T-401;T-515,verified,lead-literature
SRC-041,christodoulou2009bh,The formation of black holes in general relativity,Demetrios Christodoulou,2009,"EMS Monographs in Mathematics, European Mathematical Society (2009); conference version in 'The Eleventh Marcel Grossmann Meeting' (World Scientific, 2008)",10.1142/9789814374552_0002,,https://inspirehep.net/api/literature/786592,verified-api,inspirehep-api,abstract,2026-09-11T23:29:00+08:00,200,"arXiv abstract (via INSPIRE): 'The subject of this work is the formation of black holes in pure general relativity, by the focusing of incoming gravitational waves. The theorems established in this monograph constitute the first foray into the long time dynamics of general relativity in the large, that is, when the initial data are no longer confined to a suitably small neighborhood of Minkowskian data. The theorems are general, no symmetry conditions on the initial data being imposed.'",T-201,verified,lead-literature
SRC-042,klainermanrodnianski2012,On the formation of trapped surfaces,Sergiu Klainerman; Igor Rodnianski,2012,"Acta Mathematica 208(2), 211-333 (2012)",10.1007/s11511-012-0077-3,,https://inspirehep.net/api/literature/841287,verified-api,inspirehep-api,abstract,2026-09-11T23:29:00+08:00,200,arXiv abstract: 'In a recent important breakthrough D. Christodoulou has solved a long standing problem of General Relativity of evolutionary formation of trapped surfaces in the Einstein-vacuum space-times. He has identified an open set of regular initial conditions on an outgoing null hypersurface ... leading to a formation a trapped surface ... In this paper we give a simpler proof for a finite problem by enlarging the admissible set of initial conditions ... We also reduce the number of derivatives needed in the argument from two derivatives of the curvature to just one.',T-201;T-202,verified,lead-literature
SRC-043,liyu2015,Construction of Cauchy data of vacuum Einstein field equations evolving to black holes,Junbin Li; Pin Yu,2015,"Annals of Mathematics (2) 181(2), 699-768 (2015); arXiv:1207.3164",10.4007/annals.2015.181.2.6,1207.3164,https://arxiv.org/abs/1207.3164,verified-api,primary-page-fetch,abstract,2026-09-11T23:39:00+08:00,200,"arXiv abstract: 'We show the existence of complete, asymptotically flat Cauchy initial data for the vacuum Einstein field equations, free of trapped surfaces, whose future development must admit a trapped surface. Moreover, the datum is exactly a constant time slice in Minkowski space-time inside and exactly a constant time slice in Kerr space-time outside. The proof makes use of the full strength of Christodoulou's work on the dynamical formation of black holes and Corvino-Schoen's work on the constructions of initial data set.' Comments: 63 pages, 1 figure.",T-203,verified,lead-literature
SRC-044,an2025censor,Naked singularity censoring with anisotropic apparent horizon,Xinliang An,2025,"Annals of Mathematics (2) 201(3), 775-908 (2025)",,,https://inspirehep.net/api/literature/2743272,verified-api,inspirehep-api,abstract,2026-09-11T23:29:00+08:00,200,"arXiv abstract (via INSPIRE): 'Employing the Einstein-scalar field system, we demonstrate an approach for proving high co-dimensional nonlinear instability of naked-singularity solutions as constructed by Christodoulou in [18]. We further investigate the censorship of Christodoulou's naked singularity and show that a tiny anisotropic perturbation arising from the outgoing characteristic initial data would lead to the emergence of an anisotropic apparent horizon, which covers and censors the naked singularity.'",T-101;T-105,verified,lead-literature
SRC-045,anwu2026nonsph,Naked singularities beyond spherical symmetry: Singular inner Cauchy horizons for the Einstein-scalar field system,Xinliang An; Shengrong Wu,2026,"arXiv:2607.07134 (v1, 8 Jul 2026), 116 pages",10.48550/arXiv.2607.07134,2607.07134,https://arxiv.org/abs/2607.07134,verified-api,arxiv-api,abstract,2026-09-11T23:22:00+08:00,200,"Abstract: 'In this work, we investigate the formation of naked singularities for the 3+1-dimensional Einstein-scalar field system without symmetry assumptions. We generalize the spherically symmetric and self-similar naked-singularity solution constructed by Christodoulou ... We show that the constructed spacetimes retain a global naked-singularity structure, characterized by an incomplete future null infinity and a singular inner Cauchy horizon. Moreover, we derive detailed asymptotics near the inner Cauchy horizon and prove the desired C^{1,kappa/(1-kappa)+} inextendibility ... This indicate",T-106,verified,lead-literature
SRC-046,zheng2026stability,Nonlinear stability of continuously self-similar naked singularities for the Einstein-scalar field equations I: main results,Weihao Zheng,2026,"arXiv:2605.16235 (v1, 15 May 2026), 54 pages",10.48550/arXiv.2605.16235,2605.16235,https://arxiv.org/abs/2605.16235,verified-api,arxiv-api,abstract,2026-09-11T23:22:00+08:00,200,"Abstract: 'This is the first part of a series of papers proving the nonlinear stability of a one-parameter family of continuously self-similar C^{1,alpha} naked singularity solutions ... to the spherically symmetric Einstein-scalar field equations. The stability holds for initial perturbations lying in a small open neighborhood of the data generating these naked singularity solutions, measured in a localized Holder topology. These continuously self-similar naked singularity spacetimes were previously constructed by Christodoulou [1994], who also proved their instability to black hole formation",D-006;T-101;T-102;T-107,verified,lead-literature
SRC-047,gurriaran2026kerr,Non-linear instability of the Kerr Cauchy horizon near i_+,Sebastian Gurriaran,2026,"arXiv:2603.17911 (v2, 23 Mar 2026)",10.48550/arXiv.2603.17911,2603.17911,https://arxiv.org/abs/2603.17911,verified-api,arxiv-api,abstract,2026-09-11T23:22:00+08:00,200,"Abstract: 'We consider solutions of the Einstein vacuum equations which arise from smooth initial data on a hypersurface slightly inside a dynamical black hole settling down to a subextremal Kerr black hole, and satisfying a precise non-linear Price's law-type estimate (which we expect to hold generically). We prove that the corresponding maximal globally hyperbolic development admits a non-trivial piece of future null boundary - the Cauchy horizon - emanating from timelike infinity i_+, which exhibits a kind of curvature blow-up, and across which the spacetime metric is Lipschitz-inextendible",D-005;T-305;T-401,verified,lead-literature
SRC-048,cameron2026wns,Spherically symmetric inextendibility of weak null singularities with Christoffel symbols in L^s_loc,Peter Cameron; Jan Sbierski,2026,"arXiv:2609.05167 (v1, 4 Sep 2026)",10.48550/arXiv.2609.05167,2609.05167,https://arxiv.org/abs/2609.05167,verified-api,arxiv-api,abstract,2026-09-11T23:22:00+08:00,200,"Abstract: 'Motivated by the strong cosmic censorship conjecture in general relativity, we prove the inextendibility of spherically symmetric weak null singularities as spherically symmetric Lorentzian manifolds with a continuous metric and Christoffel symbols in L^s_loc for s>1. ... In particular we show that these assumptions are satisfied by the Reissner-Nordstrom-Vaidya spacetime as well as by a class of spacetimes arising from small and generic spherically symmetric perturbations of subextremal Reissner-Nordstrom under the Einstein-Maxwell-scalar field system.'",D-005;T-304,verified,lead-literature
SRC-049,cameron2025unique,On the uniqueness of continuous spacetime extensions in 1+1 dimensions with applications to weak null singularities,Peter Cameron; Jan Sbierski,2025,"arXiv:2511.13422 (v2, 23 Jun 2026)",10.48550/arXiv.2511.13422,2511.13422,https://arxiv.org/abs/2511.13422,verified-api,arxiv-api,abstract,2026-09-11T23:40:00+08:00,200,"Abstract: 'Motivated by weak null singularities in black hole interiors, we study 1+1 dimensional Lorentzian manifolds (M,g) which admit a continuous spacetime extension across a null boundary v=0 ... we find that in general not even the C^0-structure of the extension is uniquely determined by the assumption that the metric extends continuously. However, we exhibit an interesting local-global relation regarding the C^0-structure which in particular entails its rigidity for strongly spherically symmetric continuous extensions across the Cauchy horizon of the Reissner-Nordstrom spacetime.'",D-002;T-304;T-306,verified,lead-literature
SRC-050,lukoh2022scattering,A scattering theory approach to Cauchy horizon instability and applications to mass inflation,Jonathan Luk; Sung-Jin Oh; Yakov Shlapentokh-Rothman,2022,"Annales Henri Poincare 24, 1-56 (2023); arXiv:2201.12294",10.1007/s00023-022-01216-7,2201.12294,https://arxiv.org/abs/2201.12294,verified-api,arxiv-api,abstract,2026-09-11T23:40:00+08:00,200,"Abstract: '...we prove a conditional mass inflation result for a nonlinear system, namely, the Einstein-Maxwell-(real)-scalar field system in spherical symmetry. For this model, it is known that for a generic class of Cauchy data G, the maximal globally hyperbolic future developments are C^2-future-inextendible. We prove that if a (conjectural) improved decay result holds in the exterior region, then for the maximal globally hyperbolic developments arising from initial data in G, the Hawking mass blows up identically on the Cauchy horizon.'",D-003;T-510,verified,lead-literature
SRC-051,ma2023precise,Precise late-time asymptotics of scalar field in the interior of a subextreme Kerr black hole and its application in Strong Cosmic Censorship conjecture,Siyuan Ma; Lin Zhang,2023,Transactions of the AMS 376 (2023); arXiv:2208.08702,,2208.08702,https://arxiv.org/abs/2208.08702,verified-api,arxiv-api,abstract,2026-09-11T23:40:00+08:00,200,"Abstract: 'In this work, we compute the precise late-time asymptotics for the scalar field in the interior of a non-static subextreme Kerr black hole ... This provides a new proof of the generic H^1_loc-inextendibility of the Kerr Cauchy horizon against scalar perturbations that is first shown by Luk--Sbierski (J. Func. Anal., 2016).'",T-511;T-518,verified,lead-literature
SRC-052,gautam2024tails,Late-time tails and mass inflation for the spherically symmetric Einstein-Maxwell-scalar field system,Onyx Gautam,2024,"arXiv:2412.17927 (v1, 23 Dec 2024), 84 pages",10.48550/arXiv.2412.17927,2412.17927,https://arxiv.org/abs/2412.17927,verified-api,arxiv-api,abstract,2026-09-11T23:40:00+08:00,200,"Abstract: 'We establish a decay result in the black hole exterior region of spherically symmetric solutions to the Einstein-Maxwell-scalar field system arising from compactly supported admissible data. ... Indeed, Luk--Oh (arxiv:1702.05715, arxiv:1702.05716) identify a generic class of initial data that produces C^2-future-inextendible solutions. However, they leave open the question of mass inflation ... By work of Luk--Oh--Shlapentokh-Rothman (arxiv:2201.12294), our decay result implies mass inflation for sufficiently regular solutions in the generic class considered by Luk--Oh.'",T-510,verified,lead-literature
SRC-053,chrysostomou2025note,A note on Strong Cosmic Censorship and its violation in Reissner-Nordstrom de Sitter black hole space-times,Anna Chrysostomou; Alan S. Cornell; Aldo Deandrea; Seong Chan Park,2025,"Classical and Quantum Gravity 42, 107001 (2025); arXiv:2501.12968",10.1088/1361-6382/add5b4,2501.12968,https://arxiv.org/abs/2501.12968,verified-api,arxiv-api,abstract,2026-09-11T23:40:00+08:00,200,"Abstract: 'Attempts to provide a rigorous mathematical proof of Strong Cosmic Censorship has led to the formulation of several Strong Cosmic Censorship conjectures of varying strengths, which seem to be discussed rarely outside of the mathematical relativity literature. In this note, we review some of the arguments for and against Strong Cosmic Censorship preservation, with a focus on the Reissner-Nordstrom de Sitter context ...'",T-507;T-512,verified,lead-literature
SRC-054,christodoulou2008arxiv,The Formation of Black Holes in General Relativity,Demetrios Christodoulou,2008,"arXiv:0805.3880 (v1, 26 May 2008), 594 pages; EMS Monographs in Mathematics (2009)",,0805.3880,https://arxiv.org/abs/0805.3880,verified-primary,primary-page-fetch,abstract,2026-09-11T23:52:00+08:00,200,"Abstract: 'The subject of this work is the formation of black holes in pure general relativity, by the focusing of incoming gravitational waves. The theorems established in this monograph constitute the first foray into the long time dynamics of general relativity in the large, that is, when the initial data are no longer confined to a suitably small neighborhood of Minkowskian data. The theorems are general, no symmetry conditions on the initial data being imposed.' Comments: 594 pages, 5 figures.",,verified,lead-literature
SRC-055,lukoh2015arxiv,Proof of linear instability of the Reissner-Nordstrom Cauchy horizon under scalar perturbations (arXiv version with journal ref),Jonathan Luk; Sung-Jin Oh,2017,"Duke Mathematical Journal 166(3), 437-493 (2017); arXiv:1501.04598",10.1215/00127094-3715189,1501.04598,https://arxiv.org/abs/1501.04598,verified-primary,primary-page-fetch,abstract,2026-09-11T23:52:00+08:00,200,"arXiv abstract (verbatim, same as published): 'We prove that generic smooth and compactly supported initial data on a Cauchy hypersurface indeed give rise to solutions with infinite nondegenerate energy near the Cauchy horizon in the interior of the black hole. In particular, the solution generically does not belong to W^{1,2}_{loc}.' Journal reference on page: Duke Math. J. 166, no. 3 (2017), 437-493; Related DOI 10.1215/00127094-3715189.",,verified,lead-literature
SRC-056,dafermos2005arxiv,The interior of charged black holes and the problem of uniqueness in general relativity (arXiv version with journal ref),Mihalis Dafermos,2005,"Communications on Pure and Applied Mathematics 58, 0445-0504 (2005); arXiv:gr-qc/0307013 (v3)",10.1002/cpa.20071,gr-qc/0307013,https://arxiv.org/abs/gr-qc/0307013,verified-primary,primary-page-fetch,abstract,2026-09-11T23:52:00+08:00,200,"Abstract: 'We establish that the heuristic mass inflation scenario put forth by Israel and Poisson is mathematically correct in the context of this initial value problem. In particular, the maximal domain of development has a future boundary, over which the spacetime is extendible as a continuous metric, but along which the Hawking mass blows up identically; thus, the spacetime is inextendible as a differentiable metric. ... This shows that under Christodoulou's C^0 formulation, the strong cosmic censorship conjecture is false for this system.' Journal reference: Comm. Pure Appl. Math. 58 (200",T-501;T-514;T-516;T-521,verified,lead-literature
SRC-057,lukoh2017partI,Strong cosmic censorship in spherical symmetry for two-ended asymptotically flat initial data I. The interior of the black hole region,Jonathan Luk; Sung-Jin Oh,2019,"arXiv:1702.05715 (v2, 22 Feb 2019), 70 pages; version accepted for publication",10.48550/arXiv.1702.05715,1702.05715,https://arxiv.org/abs/1702.05715,verified-primary,primary-page-fetch,abstract,2026-09-12T00:05:00+08:00,200,"Abstract: 'This is the first and main paper of a two-part series, in which we prove the C^2-formulation of the strong cosmic censorship conjecture for the Einstein-Maxwell-(real)-scalar-field system in spherical symmetry for two-ended asymptotically flat data. For this model, it is known through the works of Dafermos and Dafermos-Rodnianski that the maximal globally hyperbolic future development of any admissible two-ended asymptotically flat Cauchy initial data set possesses a non-empty Cauchy horizon, across which the spacetime is C^0-future-extendible (in particular, the C^0-formulation of ",T-510;D-007;T-514;T-516,verified,lead-literature
SRC-058,lukoh2017partII,Strong cosmic censorship in spherical symmetry for two-ended asymptotically flat initial data II. The exterior of the black hole region,Jonathan Luk; Sung-Jin Oh,2019,"arXiv:1702.05716 (v2, 22 Feb 2019), 132 pages; version accepted for publication",10.48550/arXiv.1702.05716,1702.05716,https://arxiv.org/abs/1702.05716,verified-primary,primary-page-fetch,abstract,2026-09-12T00:05:00+08:00,200,"Abstract: '...we prove the C^2-formulation of the strong cosmic censorship conjecture for the Einstein-Maxwell-(real)-scalar-field system in spherical symmetry for two-ended asymptotically flat data. ... In this paper, we show that this lower bound is indeed satisfied for solutions arising from a generic set of Cauchy initial data. Roughly speaking, the generic set is open with respect to a (weighted) C^1 topology and is dense with respect to a (weighted) C^infinity topology.'",T-510;D-007;T-514,verified,lead-literature
SRC-059,ringstrom2009gowdy,Strong cosmic censorship in T^3-Gowdy spacetimes,Hans Ringstrom,2009,"Annals of Mathematics (2) 170(3), 1181-1240 (2009)",10.4007/annals.2009.170.1181,,https://api.crossref.org/works/10.4007/annals.2009.170.1181,verified-api,crossref-api,metadata,2026-09-12T00:03:00+08:00,200,"Crossref record: title 'Strong cosmic censorship in T^3-Gowdy spacetimes'; author Hans Ringstrom; Annals of Mathematics, volume 170, issue 3, pages 1181-1240, published 2009-11-01; DOI 10.4007/annals.2009.170.1181; reference-count 21.",T-513;T-517;T-520,verified,lead-literature
SRC-060,dafermos2003annals,Stability and instability of the Cauchy horizon for the spherically symmetric Einstein-Maxwell-scalar field equations (Crossref record),Mihalis Dafermos,2003,"Annals of Mathematics (2) 158(3), 875-928 (2003)",10.4007/annals.2003.158.875,,https://api.crossref.org/works/10.4007/annals.2003.158.875,verified-api,crossref-api,metadata,2026-09-12T00:03:00+08:00,200,"Crossref record: title 'Stability and instability of the Cauchy horizon for the spherically symmetric Einstein-Maxwell-scalar field equations'; author Mihalis Dafermos; Annals of Mathematics, volume 158, issue 3, pages 875-928, published 2003-11-01; DOI 10.4007/annals.2003.158.875.",T-521,verified,lead-literature
SRC-061,dafermos2005price,A proof of Price's law for the collapse of a self-gravitating scalar field,Mihalis Dafermos; Igor Rodnianski,2005,"Inventiones Mathematicae 162, 381-457 (2005); arXiv:gr-qc/0309115 (v3)",10.1007/s00222-005-0450-3,gr-qc/0309115,https://arxiv.org/abs/gr-qc/0309115,verified-primary,primary-page-fetch,abstract,2026-09-12T00:12:00+08:00,200,"Abstract: 'In this paper, we prove a well-defined (upper bound) formulation of Price's law for the collapse of a self-gravitating scalar field with spherically symmetric initial data. We also allow the presence of an additional gravitationally coupled Maxwell field. ... When combined with previous work of the first author (gr-qc/0307013) concerning the internal structure of charged black holes, which assumed the validity of Price's law, our results can be applied to the strong cosmic censorship conjecture for the Einstein-Maxwell-real scalar field system with complete spacelike asymptotically ",D-002;T-501;T-516,verified,lead-literature
SRC-062,klainermanszeftel2021kerr,Kerr stability for small angular momentum,Sergiu Klainerman; Jeremie Szeftel,2021,"arXiv:2104.11857 (v1, 24 Apr 2021), 801 pages",10.48550/arXiv.2104.11857,2104.11857,https://arxiv.org/abs/2104.11857,verified-api,arxiv-api,abstract,2026-09-12T00:12:00+08:00,200,"Abstract: 'This is our main paper in a series in which we prove the full, unconditional, nonlinear stability of the Kerr family Kerr(a,m) for small angular momentum, i.e. |a|/m << 1, in the context of asymptotically flat solutions of the Einstein vacuum equations (EVE). ... We note that the restriction to small angular momentum appears only in connection to Morawetz type estimates in [GKS2] and [KS:Kerr-B].' 801 pages.",T-206;T-301;T-515,verified,lead-literature
SRC-063,hafner2025linear,Linear stability of Kerr black holes in the full subextremal range,Dietrich Hafner; Peter Hintz; Andras Vasy,2025,"arXiv:2506.21183 (v1, 26 Jun 2025), 25 pages",10.48550/arXiv.2506.21183,2506.21183,https://arxiv.org/abs/2506.21183,verified-api,arxiv-api,abstract,2026-09-12T00:12:00+08:00,200,"Abstract: 'We prove, unconditionally, the linear stability of the Kerr family in the full subextremal range. On an analytic level, our proof is the same as that of our earlier paper in the slowly rotating case. The additional ingredients we use are, firstly, the mode stability result proved by Andersson, Whiting, and the first author and, secondly, computations related to the zero energy behavior of the linearized gauge-fixed Einstein equation in work by the second author.'",T-301;T-515,verified,lead-literature
SRC-064,hintz2025conditional,Conditional non-linear stability of Kerr-de Sitter spacetimes in the full subextremal range,Peter Hintz; Oliver Petersen; Andras Vasy,2025,"arXiv:2508.06620 (v1, 8 Aug 2025), 69 pages",10.48550/arXiv.2508.06620,2508.06620,https://arxiv.org/abs/2508.06620,verified-api,arxiv-api,abstract,2026-09-12T00:12:00+08:00,200,"Abstract: 'We show the stability of Kerr-de Sitter black holes, in the full subextremal range, as solutions of the vacuum Einstein equation with a positive cosmological constant under the assumption that mode stability holds for these spacetimes. The method is similar to the (unconditional) proof in the slowly rotating case by Hintz and Vasy.'",T-515,verified,lead-literature
SRC-065,chen2024horizon,Regularity of the future event horizon in perturbations of Kerr,Xuantao Chen; Sergiu Klainerman,2024,"arXiv:2409.05700 (v1, 9 Sep 2024)",10.48550/arXiv.2409.05700,2409.05700,https://arxiv.org/abs/2409.05700,verified-api,arxiv-api,abstract,2026-09-12T00:12:00+08:00,200,"Abstract: 'The goal of the paper is to show that the event horizons of the spacetimes constructed in [KS], see also [KS-Schw], in the proof of the nonlinear stability of slowly rotating Kerr spacetimes K(a0,m0), are necessarily smooth null hypersurfaces. Moreover we show that the result remains true for the entire range of |a0|/m0 for which stability can be established.'",T-301;T-515,verified,lead-literature
SRC-066,luksbierski2016,Instability results for the wave equation in the interior of Kerr black holes,Jonathan Luk; Jan Sbierski,2016,"arXiv:1512.08259 (v2, 30 Jun 2016); Journal of Functional Analysis (2016) per secondary citation",,1512.08259,https://arxiv.org/abs/1512.08259,verified-api,arxiv-api,abstract,2026-09-12T00:20:00+08:00,200,"Abstract: 'We prove that a large class of smooth solutions psi to the linear wave equation Box_g psi=0 on subextremal rotating Kerr spacetimes which are regular and decaying along the event horizon become singular at the Cauchy horizon. More precisely, we show that assuming appropriate upper and lower bounds on the energy along the event horizon, the solution has infinite (non-degenerate) energy on any spacelike hypersurfaces intersecting the Cauchy horizon transversally. ... the assumed upper and lower bounds required for our theorem are conjectured to hold for solutions arising from generic ",T-511;T-518,verified,lead-literature
SRC-067,an2025annals,Naked singularity censoring with anisotropic apparent horizon (Crossref record),Xinliang An,2025,"Annals of Mathematics (2) 201(3), 775-908 (2025)",10.4007/annals.2025.201.3.3,,https://api.crossref.org/works/10.4007/annals.2025.201.3.3,verified-api,crossref-api,metadata,2026-09-12T00:20:00+08:00,200,"Crossref record: title 'Naked singularity censoring with anisotropic apparent horizon'; author Xinliang An (National University of Singapore); Annals of Mathematics, volume 201, issue 3, published 2025-05-01; DOI 10.4007/annals.2025.201.3.3.",T-105,verified,lead-literature
SRC-068,rodnianski2023annals,Naked singularities for the Einstein vacuum equations: The exterior solution (Crossref record),Igor Rodnianski; Yakov Shlapentokh-Rothman,2023,"Annals of Mathematics (2) 198(1), 231-391 (2023)",10.4007/annals.2023.198.1.3,1912.08478,https://api.crossref.org/works/10.4007/annals.2023.198.1.3,verified-api,crossref-api,metadata,2026-09-12T00:20:00+08:00,200,"Crossref record: title 'Naked singularities for the Einstein vacuum equations: The exterior solution'; authors Igor Rodnianski (Princeton) and Yakov Shlapentokh-Rothman (Toronto); Annals of Mathematics, volume 198, issue 1, published 2023-07-01; DOI 10.4007/annals.2023.198.1.3.",T-208,verified,lead-literature
SRC-069,chrusciel1990gowdy,Strong cosmic censorship in polarized Gowdy space-times,Piotr T. Chrusciel; James Isenberg; Vincent Moncrief,1990,"Classical and Quantum Gravity 7(10), 1671-1680 (1990)",10.1088/0264-9381/7/10/003,,https://inspirehep.net/api/literature/311851,verified-api,inspirehep-api,abstract,2026-09-12T00:22:00+08:00,200,"IOP abstract: 'The strong cosmic censorship conjecture says that most spacetimes developed as solutions of Einstein's equations from prescribed initial data cannot be extended outside of their domains of dependence. Here, the authors discuss results which show that if they restrict attention to the polarised Gowdy spacetimes, strong cosmic censorship holds. More specifically, these results show that in the space of Cauchy data for polarised Gowdy spacetimes, there is an open dense subset for which the maximal globally hyperbolic development is inextendible. Among the Gowdy spacetimes which can",T-513;T-517,verified,lead-literature
SRC-070,rossetti2025scc,Strong cosmic censorship for the spherically symmetric Einstein-Maxwell-charged-Klein-Gordon system with positive Lambda: stability of the Cauchy horizon and H^1 extensions,Flavio Rossetti,2025,"Annales Henri Poincare 26, 675-753 (2025); arXiv:2309.14420 (v3)",10.1007/s00023-024-01454-x,2309.14420,https://arxiv.org/abs/2309.14420,verified-primary,arxiv-api,abstract,2026-09-12T00:30:00+08:00,200,"Abstract: 'We investigate the interior of a dynamical black hole as described by the Einstein-Maxwell-charged-Klein-Gordon system ... In this context, we show the existence of C^0 spacetime extensions beyond CH^+. Moreover, if the scalar field decays at a sufficiently fast rate along H^+, we show that the renormalized Hawking mass remains bounded for a large set of initial data. ... In this no-mass-inflation scenario, which includes near-extremal solutions, we further prove that the spacetime can be extended across the Cauchy horizon with continuous metric, Christoffel symbols in L^2_loc and s",D-002;T-519,verified,lead-literature
SRC-071,ringstrom2009gowdy-abstract,Strong cosmic censorship in T^3-Gowdy spacetimes (OpenAlex abstract reconstruction),Hans Ringstrom,2009,"Annals of Mathematics (2) 170(3), 1181-1240 (2009)",10.4007/annals.2009.170.1181,,https://api.openalex.org/works/doi:10.4007/annals.2009.170.1181,verified-api,openalex-api,abstract,2026-09-12T00:32:00+08:00,200,"Reconstructed abstract (OpenAlex inverted index): '...it is then natural to make the strong cosmic censorship conjecture, which states that for generic initial data, the MGHD is inextendible. ... Here, we [consider] T^3-Gowdy spacetimes. In a previous paper, we introduced a set [of initial data] ... proved [it] is open ... C^1-topology. The solutions corresponding ... have the following properties. First, [they are C^2]-inextendible. Second, [for a] causal geodesic [with] time direction, it is either complete, or [a] curvature invariant, [the] Kretschmann scalar, is unbounded along [it] ... Th",T-520,verified,lead-literature
SRC-072,dafermos2003-abstract,Stability and instability of the Cauchy horizon for the spherically symmetric Einstein-Maxwell-scalar field equations (OpenAlex abstract reconstruction),Mihalis Dafermos,2003,"Annals of Mathematics (2) 158(3), 875-928 (2003)",10.4007/annals.2003.158.875,,https://api.openalex.org/works/doi:10.4007/annals.2003.158.875,verified-api,openalex-api,abstract,2026-09-12T00:32:00+08:00,200,"Reconstructed abstract (OpenAlex inverted index): 'This paper considers a trapped characteristic initial value problem for the spherically symmetric Einstein-Maxwell-scalar field equations. For an open set of initial data whose closure contains in particular Reissner-Nordstrom data, the future boundary of the maximal domain of development is found to be a light-like surface along which the curvature blows up, and yet the metric can be continuously extended beyond it. This result is related to the strong cosmic censorship conjecture of Roger Penrose.'",D-002;T-521,verified,lead-literature
SRC-073,choquetbruhat1969,Global aspects of the Cauchy problem in general relativity,Yvonne Choquet-Bruhat; Robert P. Geroch,1969,"Communications in Mathematical Physics 14(4), 329-335 (1969)",10.1007/BF01645389,,https://inspirehep.net/api/literature/59617,verified-api,inspirehep-api,abstract,2026-09-12T00:45:00+08:00,200,"Springer abstract: 'It is shown that, given any set of initial data for Einstein's equations which satisfy the constraint conditions, there exists a development of that data which is maximal in the sense that it is an extension of every other development. These maximal developments form a well-defined class of solutions of Einstein's equations. Any solution of Einstein's equations which has a Cauchy surface may be embedded in exactly one such maximal development.'",D-008,verified,lead-literature
SRC-074,guo2023euler,Naked singularities in the Einstein-Euler system,Yan Guo; Mahir Hadzic; Juhi Jang,2023,"Annals of PDE 9(1), 4 (2023)",10.1007/s40818-022-00144-3,,https://inspirehep.net/api/literature/1994913,verified-api,inspirehep-api,abstract,2026-09-12T00:45:00+08:00,200,"Springer abstract: 'In 1990, based on numerical and formal asymptotic analysis, Ori and Piran predicted the existence of selfsimilar spacetimes, called relativistic Larson-Penston solutions, that can be suitably flattened to obtain examples of spacetimes that dynamically form naked singularities from smooth initial data, and solve the radially symmetric Einstein-Euler system. ... We provide a rigorous mathematical proof. ... we reformulate the problem in double-null gauge to flatten the selfsimilar profile and thus obtain an asymptotically flat spacetime with an isolated naked singularity.'",T-522,verified,lead-literature
SRC-075,liu2018robust,A robust proof of the instability of naked singularities of a scalar field in spherical symmetry,Jue Liu; Junbin Li,2018,"Communications in Mathematical Physics 363(2), 561-578 (2018)",10.1007/s00220-018-3157-1,,https://inspirehep.net/api/literature/1629145,verified-api,inspirehep-api,abstract,2026-09-12T00:45:00+08:00,200,"Springer abstract: 'Published in 1999, Christodoulou proved that the naked singularities of a self-gravitating scalar field are not stable in spherical symmetry and therefore the cosmic censorship conjecture is true in this context. The original proof is by contradiction and sharp estimates are obtained strictly depending on spherical symmetry. In this paper, appropriate a priori estimates for the solution are obtained. These estimates are more relaxed but sufficient for giving another robust argument in proving the instability, in particular not by contradiction.'",T-523;T-524,verified,lead-literature
SRC-076,li2022perturbations,Instability of spherical naked singularities of a scalar field under gravitational perturbations,Junbin Li; Jue Liu,2022,"Journal of Differential Geometry 120(1), 97-197 (2022)",10.4310/jdg/1641413698,,https://inspirehep.net/api/literature/1628972,verified-api,inspirehep-api,abstract,2026-09-12T00:45:00+08:00,200,"Lehigh University abstract: 'In this paper, we initiate the study of the instability of naked singularities beyond spherical symmetry. ... It is shown that, arbitrarily fixing the initial scalar field, the set of the initial conformal metrics on the outgoing null cone such that the maximal future development does not have any sequences of closed trapped surfaces approaching the singularity, is of first category in the whole space in which the shear tensors are continuous. ... the set of the initial conformal metrics such that the maximal future development has at least one closed trapped surfa",T-524,verified,lead-literature
SRC-077,singh2025approx,A construction of approximately self-similar naked singularities for the spherically symmetric Einstein-scalar field system,Jaydeep Singh,2025,"Annales Henri Poincare 26(7), 2355-2465 (2025)",10.1007/s00023-024-01489-0,,https://inspirehep.net/api/literature/2168006,verified-api,inspirehep-api,abstract,2026-09-12T00:45:00+08:00,200,"Springer abstract: 'In this work, we identify stable perturbations of k-self-similar naked singularities, in the full parameter range k^2 in (0,1/3). As a consequence, we provide a dynamical construction of naked singularity interior and exterior regions outside of exact self-similarity ... This data is required to satisfy conditions consistent with the absence of a blue-shift instability and is therefore non-generic. The argument combines a backwards stability argument in the interior region with a global existence problem in the exterior region, adapting techniques developed by Rodnianski an",T-525,verified,lead-literature
SRC-078,hintz2026kerrstab,Nonlinear stability of subextremal Kerr black holes,Peter Hintz,2026,"arXiv:2606.28253 (v2, 3 Aug 2026), 339 pages; preprint",10.48550/arXiv.2606.28253,2606.28253,https://arxiv.org/abs/2606.28253,verified-api,arxiv-api,abstract,2026-09-11T23:36:00+08:00,200,"Abstract: 'We settle the global nonlinear stability problem for the family of Kerr black holes in the full subextremal range: spacetimes evolving from initial data close to those of a subextremal Kerr black hole as solutions of the Einstein vacuum equation Ric(g)=0 settle down to a nearby member of the Kerr family at the rate O(t_*^{-2-eps}) in spatially compact regions. For the initial data, we require O(r^{-1-eps_0})-decay for eps_0>0 ... We work directly with the tensorial equation ...' Comments: 339 pages, 21 figures. v2: fixed typos, updated references, improved exposition.",,verified,lead-literature
SRC-079,hintz2026constraint,Constraint damping on subextremal Kerr spacetimes,Peter Hintz,2026,"arXiv:2606.27658 (v1, 26 Jun 2026), 100 pages; preprint",10.48550/arXiv.2606.27658,2606.27658,https://arxiv.org/abs/2606.27658,verified-api,arxiv-api,abstract,2026-09-11T23:36:00+08:00,200,Abstract: '...we show that an enhanced form of constraint damping can be implemented for the linearization of the Einstein equations around any subextremal Kerr black hole metric. The results proved here are a key ingredient in the author's proof of the nonlinear stability of the subextremal Kerr family.',,verified,lead-literature
SRC-080,luksbierski2026wns,The formation of a weak null singularity in the interior of generic rotating black holes,Jonathan Luk; Jan Sbierski,2026,"arXiv:2604.04877 (v1, 6 Apr 2026); preprint",10.48550/arXiv.2604.04877,2604.04877,https://arxiv.org/abs/2604.04877,verified-primary,primary-page-fetch,abstract,2026-09-11T23:37:00+08:00,200,"Abstract: 'Given a characteristic initial value problem with smooth data representing a dynamical event horizon settling down to that of Kerr in the subextremal, strictly rotating range with suitable upper and lower bounds, we prove that a weak null singularity forms, across which the spacetime metric is continuously extendible but not Lipschitz extendible. The bulk of the proof is a stability argument showing that a dynamical Teukolsky field can be approximated by a linear Teukolsky field, whose linear instability was proved in previous works.'",,verified,lead-literature
SRC-081,sbierski2025lipschitz,Lipschitz inextendibility of weak null singularities from curvature blow-up,Jan Sbierski,2025,"arXiv:2409.18838 (v2, Nov 2025), 25 pages; accepted for publication in Inventiones Mathematicae (per arXiv comment)",10.48550/arXiv.2409.18838,2409.18838,https://arxiv.org/abs/2409.18838,verified-api,arxiv-api,abstract,2026-09-11T23:36:00+08:00,200,"Abstract: 'We prove the C^{0,1}_loc-inextendibility of weak null singularities without any symmetry assumptions. The proof introduces a new strategy to infer C^{0,1}_loc-inextendibility from the blow-up of curvature. The assumed blow-up is expected to be satisfied for weak null singularities in the interior of generic rotating black holes. Thus, we expect the result presented here to directly contribute to the resolution of the C^{0,1}_loc-formulation of the strong cosmic censorship conjecture in a neighbourhood of subextremal Kerr.' Comments: v2: 25 pages, 4 figures, significantly expanded ve",,verified,lead-literature
SRC-082,sbierski2026note,A note on the instability of the Kerr Cauchy horizon under linearised gravitational perturbations,Jan Sbierski,2026,"arXiv:2604.06283 (v1, 7 Apr 2026), preprint",10.48550/arXiv.2604.06283,2604.06283,https://arxiv.org/abs/2604.06283,verified-api,arxiv-api,abstract,2026-09-11T23:36:00+08:00,200,Abstract: 'This note slightly strengthens the result of arXiv:2201.12295 on the linear instability of the Kerr Cauchy horizon. This strengthened result is used in the proof arXiv:2604.04877 of the non-linear instability of the Kerr Cauchy horizon.',,verified,lead-literature
SRC-083,gurriaran2025spin2,Precise asymptotics of the spin +2 Teukolsky field in the Kerr black hole interior,Sebastian Gurriaran,2025,"Communications in Mathematical Physics 406, 152 (2025); arXiv:2409.02670",10.1007/s00220-025-05332-3,2409.02670,https://arxiv.org/abs/2409.02670,verified-api,arxiv-api,abstract,2026-09-11T23:36:00+08:00,200,"Abstract: 'Using a purely physical-space analysis, we prove the precise oscillatory blow-up asymptotics of the spin +2 Teukolsky field in the interior of a subextremal Kerr black hole. In particular, this work gives a new proof of the blueshift instability of the Kerr Cauchy horizon against linearized gravitational perturbations ... In that sense, this work supports the Strong Cosmic Censorship conjecture in Kerr spacetimes.' Journal ref: Commun. Math. Phys. 406 (2025) 152; DOI 10.1007/s00220-025-05332-3.",,verified,lead-literature
SRC-084,gurriaran2025spinminus2,Generic linearized curvature singularity at the perturbed Kerr Cauchy horizon,Sebastian Gurriaran,2025,"arXiv:2503.24114 (v1, 31 Mar 2025), preprint",10.48550/arXiv.2503.24114,2503.24114,https://arxiv.org/abs/2503.24114,verified-api,arxiv-api,abstract,2026-09-11T23:36:00+08:00,200,"Abstract: 'We prove the precise asymptotics of the spin -2 Teukolsky field in the interior and along the Cauchy horizon of a subextremal Kerr black hole. Together with the oscillatory blow-up asymptotics of the spin +2 Teukolsky field proven in our previous work, our result suggests that generic perturbations of a Kerr black hole build up to form a coordinate-independent curvature singularity at the Cauchy horizon. This supports the Strong Cosmic Censorship conjecture in Kerr spacetimes.'",,verified,lead-literature
SRC-085,sbierski2022linear,Instability of the Kerr Cauchy horizon under linearised gravitational perturbations,Jan Sbierski,2023,Annals of PDE (accepted per arXiv comment); arXiv:2201.12295 (v2),10.48550/arXiv.2201.12295,2201.12295,https://arxiv.org/abs/2201.12295,verified-api,arxiv-api,abstract,2026-09-11T23:36:00+08:00,200,"Abstract: 'This paper establishes a mathematical proof of the blue-shift instability at the sub-extremal Kerr Cauchy horizon for the linearised vacuum Einstein equations. More precisely, we exhibit conditions on the s=+2 Teukolsky field, consisting of suitable integrated upper and lower bounds on the decay along the event horizon, that ensure that the Teukolsky field, with respect to a frame that is regular at the Cauchy horizon, becomes singular. The conditions are in particular satisfied by solutions of the Teukolsky equation arising from generic and compactly supported initial data by the r",,verified,lead-literature
W09-001,dafermos2003annals,Stability and instability of the Cauchy horizon for the spherically symmetric Einstein-Maxwell-scalar field equations,Mihalis Dafermos,2003,"Annals of Mathematics (2) 158(3), 875-928",10.4007/annals.2003.158.875,,https://api.openalex.org/works/doi:10.4007/annals.2003.158.875,verified-api,openalex-api + inspirehep (lead row SRC-020/060/072),abstract-reconstruction,2026-09-11T23:55:00+08:00,200,"OpenAlex reconstructed abstract: 'For an open set of initial data whose closure contains in particular Reissner-Nordstrom data, the future boundary of the maximal domain of development is found to be a light-like surface along which the curvature blows up, and yet the metric can be continuously extended beyond it.'",T-501;T-521;D-002,verified,deepseek-flash-09
W09-002,dafermos2005cpam,The interior of charged black holes and the problem of uniqueness in general relativity,Mihalis Dafermos,2005,"Communications on Pure and Applied Mathematics 58(4), 445-504; arXiv:gr-qc/0307013",10.1002/cpa.20071,gr-qc/0307013,https://arxiv.org/abs/gr-qc/0307013,verified-primary,arxiv-abs-page + ar5iv full text (lead row SRC-021/056),theorem-statement,2026-09-11T23:55:00+08:00,200,"Theorem 1.2: '...the Hawking mass, interpreted in the limit, blows up identically along CH+, in particular, extensions (M~,g~) depicted above cannot have C1 metric.' Corollary 1.3: 'Strong cosmic censorship, under the formulation of [13], is false for the Einstein-Maxwell-scalar field equations under spherical symmetry.'",T-501;T-514;T-516;T-521;D-002,verified,deepseek-flash-09
W09-003,lukoh2017duke,Proof of linear instability of the Reissner-Nordstrom Cauchy horizon under scalar perturbations,Jonathan Luk; Sung-Jin Oh,2017,"Duke Mathematical Journal 166(3), 437-493; arXiv:1501.04598",10.1215/00127094-3715189,1501.04598,https://arxiv.org/abs/1501.04598,verified-primary,arxiv-abs-page + arXiv HTML full text (lead row SRC-023/055),theorem-statement,2026-09-11T23:55:00+08:00,200,"Theorem 1.1 (Main theorem, first version): 'Generic smooth and compactly supported initial data to (1.1) on Sigma_0 give rise to solutions that are not in W^{1,2}_{loc} in a neighborhood of any point on the future Cauchy horizon CH+.' (1.1) is the linear wave equation Box_g phi = 0 on a fixed subextremal RN background.",T-504;T-506,verified,deepseek-flash-09
W09-004,choptuik1993,Universality and scaling in gravitational collapse of a massless scalar field,Matthew W. Choptuik,1993,"Physical Review Letters 70(1), 9-12",10.1103/PhysRevLett.70.9,,https://api.openalex.org/works/doi:10.1103/PhysRevLett.70.9,verified-api,openalex-api (lead row SRC-016 used inspirehep),abstract,2026-09-11T23:55:00+08:00,200,"OpenAlex abstract: 'I summarize results from a numerical study of spherically symmetric collapse of a massless scalar field. ... a critical parameter value, p*, separates solutions containing black holes from those which do not. ... (1) the strong-field evolution in the p->p* limit is universal ... and (2) the masses of black holes which form satisfy a power law M_BH ~ |p-p*|^gamma.'",T-103 (not SCC-tagged in ledger),verified,deepseek-flash-09
W09-005,eardley-gundlach-UNRESOLVED,ASSIGNED CITATION NOT FOUND: 'Eardley-Gundlach' (critical phenomena),(none jointly authored located),,,,,,unresolved,crossref-bibliographic + crossref-author + inspirehep-author + openalex-title + web-search (5 independent resolver queries),negative-resolver-result,2026-09-11T23:55:00+08:00,200,"Crossref query.bibliographic='Eardley Gundlach critical phenomena', rows=20 -> 0/20 records with both Eardley and Gundlach as authors. Crossref query.author=Eardley + critical phenomena -> no joint work. INSPIRE q='a D.M.Eardley and a C.Gundlach' -> 0 hits. OpenAlex title search 'critical phenomena gravitational collapse' -> no Eardley co-authored record. Web search -> only Eardley-only and Gundlach-only works.",,unresolved,deepseek-flash-09
W09-006,gundlach-martingarcia2007,Critical Phenomena in Gravitational Collapse,Carsten Gundlach; Jose M. Martin-Garcia,2007,Living Reviews in Relativity 10:5 (2007); arXiv:0711.4620,10.12942/lrr-2007-5,0711.4620,https://arxiv.org/abs/0711.4620,verified-primary,arxiv-abs-page + openalex-api,"abstract (review, no theorems)",2026-09-11T23:55:00+08:00,200,"'Critical phenomena give a natural route from smooth initial data to arbitrarily large curvatures visible from infinity, and are therefore likely to be relevant for cosmic censorship...' Review of 51 pages; 0 numbered theorem environments extracted from the arXiv HTML.",(not yet in ledger),verified,deepseek-flash-09
W09-007,cgns2017part3,On the global uniqueness for the Einstein-Maxwell-scalar field system with a cosmological constant. Part 3: Mass inflation and extendibility of the solutions,Joao L. Costa; Pedro M. Girao; Jose Natario; Jorge Drumond Silva,2017,Annals of PDE 3:8 (2017); arXiv:1406.7261,10.1007/s40818-017-0028-6,1406.7261,https://arxiv.org/abs/1406.7261,verified-primary,arxiv-abs-page + arXiv HTML full text (lead row SRC-028),theorem-statement,2026-09-11T23:55:00+08:00,200,"Abstract: 'When the mass is controlled, it is possible to obtain continuous extensions of the metric across the Cauchy horizon with square integrable Christoffel symbols. Under slightly stronger conditions, we can bound the gradient of the scalar field. This allows the construction of (non-isometric) extensions of the maximal development which are classical solutions of the Einstein equations. Our results provide evidence against the validity of the strong cosmic censorship conjecture when Lambda>0.' In-text: 'Theorem 2.3 implies that the spacetime is extendible across the Cauchy horizon with a C^0 metric.'",T-502;T-519,verified,deepseek-flash-09
W09-008,vandemoortel2018cmp,Stability and instability of the sub-extremal Reissner-Nordstrom black hole interior for the Einstein-Maxwell-Klein-Gordon equations in spherical symmetry,Maxime Van de Moortel,2018,Communications in Mathematical Physics (2018); arXiv:1704.05790,10.1007/s00220-017-3079-3,1704.05790,https://arxiv.org/abs/1704.05790,verified-primary,arxiv-abs-page + arXiv HTML full text,theorem-statement,2026-09-11T23:55:00+08:00,200,"Theorem 1.2 (Dafermos [14], Dafermos-Rodnianski [16]): 'For the Einstein-Maxwell-Scalar-Field equations ... in spherical symmetry, the C0 strong cosmic censorship is false.' Theorem 1.3 (Luk-Oh [26],[27]): '... the C2 strong cosmic censorship conjecture is true.' Theorem 1.4 (C0 stability, C1 instability, Dafermos). Theorem 1.5 (C2 instability, Luk-Oh).","D-003;T-505 (distinct from SRC-025 = Van de Moortel 2020, arXiv:2001.11156)",verified,deepseek-flash-09
W09-009,sbierski2018c0,The C0-inextendibility of the Schwarzschild spacetime and the spacelike diameter in Lorentzian geometry,Jan Sbierski,2018,"Journal of Differential Geometry 108(2), 319-378; arXiv:1507.00601",10.4310/jdg/1518490820,1507.00601,https://arxiv.org/abs/1507.00601,verified-primary,arxiv-abs-page + arXiv HTML full text (lead row SRC-005),theorem-statement,2026-09-11T23:55:00+08:00,200,"Theorem 4.9: 'The maximal analytic extension (M_max, g_max) of the Schwarzschild spacetime is C0-inextendible.' Theorem 4.10 and 4.11 give the two halves (exterior and interior). Introduction: 'The (d+1)-dimensional maximal analytic Schwarzschild spacetime is C0-inextendible for all d>=3.'",D-002;T-302,verified-scope-caveated,deepseek-flash-09
W09-010,dafermosluk2025annals,The interior of dynamical vacuum black holes I: The C0-stability of the Kerr Cauchy horizon,Mihalis Dafermos; Jonathan Luk,2025,"Annals of Mathematics (2) 202(2), 309-630 (2025); arXiv:1710.01722v1 (2017)",10.4007/annals.2025.202.2.1,1710.01722,https://arxiv.org/abs/1710.01722,verified-primary,arxiv-abs-page + arXiv PDF full text (pypdf) (lead row SRC-004),theorem-statement,2026-09-11T23:55:00+08:00,200,"Theorem 4.24: '... the maximal globally hyperbolic future development ... can be endowed with a double null foliation ... so that it is isometric to a smooth spacetime (U_inf, g) ... [and] remains close to Kerr spacetime...' Theorem 16.14: '... the metric g ... extends continuously up to the Cauchy horizon CH+.' Abstract: '... the maximal Cauchy evolution can be extended across a non-trivial piece of Cauchy horizon as a Lorentzian manifold with continuous metric.'",D-002;T-301;T-305;T-401;T-402,verified-scope-caveated,deepseek-flash-09
